Date,Fish_Type,Supply_Kg,Price_Per_Kg,Fuel_price,Ice_price_per_block,,,
2025/1/1,Alumahan (Striped Mackerel),"1,205 kg",200,55.35,160,,,
2025/1/1,Bangus (Milk Fish),42 kg,200,55.35,160,,,
2025/1/1,Bariles (Yellow Fin Tuna),384 kg,250,55.35,160,,,
2025/1/1,Culisi (Nemipterid),"2,181 kg",123,55.35,160,,,
2025/1/1,Galunggong (Round Scad),975 kg,200,55.35,160,,,
2025/1/1,Gulyasan or puyan (Skipjack tuna),229 kg,200,55.35,160,,,
2025/1/1,Lapu-lapu (Grouper),73 kg,280,55.35,160,,,
2025/1/1,Malasugi (Blue Marlin),829 Kg,300,55.35,160,,,
2025/1/1,Matang Baka (Big-eyed Scads),"1,685 kg",250,55.35,160,,,
2025/1/1,Maya-maya (Snapper),23 kg,350,55.35,160,,,
2025/1/1,Mulmul (Parrot Fish),17 kg,200,55.35,160,,,
2025/1/1,Samaral (Siganid),67 kg,220,55.35,160,,,
2025/1/1,Talakitok (Crevalle),91 kg,280,55.35,160,,,
2025/1/1,Tamban (Indian Sardines),"4,716 kg",100,55.35,160,,,
2025/1/1,Sting Ray,249 Kg,100,55.35,160,,,
2025/1/1,Tanguigue (Spanish Mackerel),279 Kg,300,55.35,160,,,
2025/1/1,Tulingan (Frigate Tuna),473 kg,350,55.35,160,,,
2025/1/2,Alumahan (Striped Mackerel),"1,205 kg",200,55.35,160,,,
2025/1/2,Bangus (Milk Fish),42 kg,200,55.35,160,,,
2025/1/2,Bariles (Yellow Fin Tuna),384 kg,250,55.35,160,,,
2025/1/2,Culisi (Nemipterid),"2,181 kg",123,55.35,160,,,
2025/1/2,Galunggong (Round Scad),975 kg,200,55.35,160,,,
2025/1/2,Gulyasan or puyan (Skipjack tuna),229 kg,200,55.35,160,,,
2025/1/2,Lapu-lapu (Grouper),73 kg,280,55.35,160,,,
2025/1/2,Malasugi (Blue Marlin),829 Kg,300,55.35,160,,,
2025/1/2,Matang Baka (Big-eyed Scads),"1,685 kg",250,55.35,160,,,
2025/1/2,Maya-maya (Snapper),23 kg,350,55.35,160,,,
2025/1/2,Mulmul (Parrot Fish),17 kg,200,55.35,160,,,
2025/1/2,Samaral (Siganid),67 kg,220,55.35,160,,,
2025/1/2,Talakitok (Crevalle),91 kg,280,55.35,160,,,
2025/1/2,Tamban (Indian Sardines),"4,716 kg",100,55.35,160,,,
2025/1/2,Sting Ray,249 Kg,100,55.35,160,,,
2025/1/2,Tanguigue (Spanish Mackerel),279 Kg,300,55.35,160,,,
2025/1/2,Tulingan (Frigate Tuna),473 kg,350,55.35,160,,,
2025/1/3,Alumahan (Striped Mackerel),"1,205 kg",200,55.35,160,,,
2025/1/3,Bangus (Milk Fish),42 kg,200,55.35,160,,,
2025/1/3,Bariles (Yellow Fin Tuna),384 kg,250,55.35,160,,,
2025/1/3,Culisi (Nemipterid),"2,181 kg",123,55.35,160,,,
2025/1/3,Galunggong (Round Scad),975 kg,200,55.35,160,,,
2025/1/3,Gulyasan or puyan (Skipjack tuna),229 kg,200,55.35,160,,,
2025/1/3,Lapu-lapu (Grouper),73 kg,280,55.35,160,,,
2025/1/3,Malasugi (Blue Marlin),829 Kg,300,55.35,160,,,
2025/1/3,Matang Baka (Big-eyed Scads),"1,685 kg",250,55.35,160,,,
2025/1/3,Maya-maya (Snapper),23 kg,350,55.35,160,,,
2025/1/3,Mulmul (Parrot Fish),17 kg,200,55.35,160,,,
2025/1/3,Samaral (Siganid),67 kg,220,55.35,160,,,
2025/1/3,Talakitok (Crevalle),91 kg,280,55.35,160,,,
2025/1/3,Tamban (Indian Sardines),"4,716 kg",100,55.35,160,,,
2025/1/3,Sting Ray,249 Kg,100,55.35,160,,,
2025/1/3,Tanguigue (Spanish Mackerel),279 Kg,300,55.35,160,,,
2025/1/3,Tulingan (Frigate Tuna),473 kg,350,55.35,160,,,
2025/1/4,Alumahan (Striped Mackerel),"1,205 kg",200,55.35,160,,,
2025/1/4,Bangus (Milk Fish),42 kg,200,55.35,160,,,
2025/1/4,Bariles (Yellow Fin Tuna),384 kg,250,55.35,160,,,
2025/1/4,Culisi (Nemipterid),"2,181 kg",123,55.35,160,,,
2025/1/4,Galunggong (Round Scad),975 kg,200,55.35,160,,,
2025/1/4,Gulyasan or puyan (Skipjack tuna),229 kg,200,55.35,160,,,
2025/1/4,Lapu-lapu (Grouper),73 kg,280,55.35,160,,,
2025/1/4,Malasugi (Blue Marlin),829 Kg,300,55.35,160,,,
2025/1/4,Matang Baka (Big-eyed Scads),"1,685 kg",250,55.35,160,,,
2025/1/4,Maya-maya (Snapper),23 kg,350,55.35,160,,,
2025/1/4,Mulmul (Parrot Fish),17 kg,200,55.35,160,,,
2025/1/4,Samaral (Siganid),67 kg,220,55.35,160,,,
2025/1/4,Talakitok (Crevalle),91 kg,280,55.35,160,,,
2025/1/4,Tamban (Indian Sardines),"4,716 kg",100,55.35,160,,,
2025/1/4,Sting Ray,249 Kg,100,55.35,160,,,
2025/1/4,Tanguigue (Spanish Mackerel),279 Kg,300,55.35,160,,,
2025/1/4,Tulingan (Frigate Tuna),473 kg,350,55.35,160,,,
2025/1/5,Alumahan (Striped Mackerel),"1,205 kg",200,55.35,160,,,
2025/1/5,Bangus (Milk Fish),42 kg,200,55.35,160,,,
2025/1/5,Bariles (Yellow Fin Tuna),384 kg,250,55.35,160,,,
2025/1/5,Culisi (Nemipterid),"2,181 kg",123,55.35,160,,,
2025/1/5,Galunggong (Round Scad),975 kg,200,55.35,160,,,
2025/1/5,Gulyasan or puyan (Skipjack tuna),229 kg,200,55.35,160,,,
2025/1/5,Lapu-lapu (Grouper),73 kg,280,55.35,160,,,
2025/1/5,Malasugi (Blue Marlin),829 Kg,300,55.35,160,,,
2025/1/5,Matang Baka (Big-eyed Scads),"1,685 kg",250,55.35,160,,,
2025/1/5,Maya-maya (Snapper),23 kg,350,55.35,160,,,
2025/1/5,Mulmul (Parrot Fish),17 kg,200,55.35,160,,,
2025/1/5,Samaral (Siganid),67 kg,220,55.35,160,,,
2025/1/5,Talakitok (Crevalle),91 kg,280,55.35,160,,,
2025/1/5,Tamban (Indian Sardines),"4,716 kg",100,55.35,160,,,
2025/1/5,Sting Ray,249 Kg,100,55.35,160,,,
2025/1/5,Tanguigue (Spanish Mackerel),279 Kg,300,55.35,160,,,
2025/1/5,Tulingan (Frigate Tuna),473 kg,350,55.35,160,,,
2025/1/6,Alumahan (Striped Mackerel),"1,205 kg",210,55.35,160,,,
2025/1/6,Bangus (Milk Fish),42 kg,210,55.35,160,,,
2025/1/6,Bariles (Yellow Fin Tuna),384 kg,260,55.35,160,,,
2025/1/6,Culisi (Nemipterid),"2,181 kg",133,55.35,160,,,
2025/1/6,Galunggong (Round Scad),975 kg,210,55.35,160,,,
2025/1/6,Gulyasan or puyan (Skipjack tuna),229 kg,210,55.35,160,,,
2025/1/6,Lapu-lapu (Grouper),73 kg,290,55.35,160,,,
2025/1/6,Malasugi (Blue Marlin),829 Kg,310,55.35,160,,,
2025/1/6,Matang Baka (Big-eyed Scads),"1,685 kg",260,55.35,160,,,
2025/1/6,Maya-maya (Snapper),23 kg,360,55.35,160,,,
2025/1/6,Mulmul (Parrot Fish),17 kg,210,55.35,160,,,
2025/1/6,Samaral (Siganid),67 kg,230,55.35,160,,,
2025/1/6,Talakitok (Crevalle),91 kg,290,55.35,160,,,
2025/1/6,Tamban (Indian Sardines),"4,716 kg",110,55.35,160,,,
2025/1/6,Sting Ray,249 Kg,110,55.35,160,,,
2025/1/6,Tanguigue (Spanish Mackerel),279 Kg,310,55.35,160,,,
2025/1/6,Tulingan (Frigate Tuna),473 kg,360,55.35,160,,,
2025/1/7,Alumahan (Striped Mackerel),"1,205 kg",210,56.75,160,,,
2025/1/7,Bangus (Milk Fish),42 kg,210,56.75,160,,,
2025/1/7,Bariles (Yellow Fin Tuna),384 kg,260,56.75,160,,,
2025/1/7,Culisi (Nemipterid),"2,181 kg",133,56.75,160,,,
2025/1/7,Galunggong (Round Scad),975 kg,210,56.75,160,,,
2025/1/7,Gulyasan or puyan (Skipjack tuna),229 kg,210,56.75,160,,,
2025/1/7,Lapu-lapu (Grouper),73 kg,290,56.75,160,,,
2025/1/7,Malasugi (Blue Marlin),829 Kg,310,56.75,160,,,
2025/1/7,Matang Baka (Big-eyed Scads),"1,685 kg",260,56.75,160,,,
2025/1/7,Maya-maya (Snapper),23 kg,360,56.75,160,,,
2025/1/7,Mulmul (Parrot Fish),17 kg,210,56.75,160,,,
2025/1/7,Samaral (Siganid),67 kg,230,56.75,160,,,
2025/1/7,Talakitok (Crevalle),91 kg,290,56.75,160,,,
2025/1/7,Tamban (Indian Sardines),"4,716 kg",110,56.75,160,,,
2025/1/7,Sting Ray,249 Kg,110,56.75,160,,,
2025/1/7,Tanguigue (Spanish Mackerel),279 Kg,310,56.75,160,,,
2025/1/7,Tulingan (Frigate Tuna),473 kg,360,56.75,160,,,
2025/1/8,Alumahan (Striped Mackerel),"1,205 kg",210,56.75,160,,,
2025/1/8,Bangus (Milk Fish),42 kg,210,56.75,160,,,
2025/1/8,Bariles (Yellow Fin Tuna),384 kg,260,56.75,160,,,
2025/1/8,Culisi (Nemipterid),"2,181 kg",133,56.75,160,,,
2025/1/8,Galunggong (Round Scad),975 kg,210,56.75,160,,,
2025/1/8,Gulyasan or puyan (Skipjack tuna),229 kg,210,56.75,160,,,
2025/1/8,Lapu-lapu (Grouper),73 kg,290,56.75,160,,,
2025/1/8,Malasugi (Blue Marlin),829 Kg,310,56.75,160,,,
2025/1/8,Matang Baka (Big-eyed Scads),"1,685 kg",260,56.75,160,,,
2025/1/8,Maya-maya (Snapper),23 kg,360,56.75,160,,,
2025/1/8,Mulmul (Parrot Fish),17 kg,210,56.75,160,,,
2025/1/8,Samaral (Siganid),67 kg,230,56.75,160,,,
2025/1/8,Talakitok (Crevalle),91 kg,290,56.75,160,,,
2025/1/8,Tamban (Indian Sardines),"4,716 kg",110,56.75,160,,,
2025/1/8,Sting Ray,249 Kg,110,56.75,160,,,
2025/1/8,Tanguigue (Spanish Mackerel),279 Kg,310,56.75,160,,,
2025/1/8,Tulingan (Frigate Tuna),473 kg,360,56.75,160,,,
2025/1/9,Alumahan (Striped Mackerel),"1,205 kg",210,56.75,160,,,
2025/1/9,Bangus (Milk Fish),42 kg,210,56.75,160,,,
2025/1/9,Bariles (Yellow Fin Tuna),384 kg,260,56.75,160,,,
2025/1/9,Culisi (Nemipterid),"2,181 kg",133,56.75,160,,,
2025/1/9,Galunggong (Round Scad),975 kg,210,56.75,160,,,
2025/1/9,Gulyasan or puyan (Skipjack tuna),229 kg,210,56.75,160,,,
2025/1/9,Lapu-lapu (Grouper),73 kg,290,56.75,160,,,
2025/1/9,Malasugi (Blue Marlin),829 Kg,310,56.75,160,,,
2025/1/9,Matang Baka (Big-eyed Scads),"1,685 kg",260,56.75,160,,,
2025/1/9,Maya-maya (Snapper),23 kg,360,56.75,160,,,
2025/1/9,Mulmul (Parrot Fish),17 kg,210,56.75,160,,,
2025/1/9,Samaral (Siganid),67 kg,230,56.75,160,,,
2025/1/9,Talakitok (Crevalle),91 kg,290,56.75,160,,,
2025/1/9,Tamban (Indian Sardines),"4,716 kg",110,56.75,160,,,
2025/1/9,Sting Ray,249 Kg,110,56.75,160,,,
2025/1/9,Tanguigue (Spanish Mackerel),279 Kg,310,56.75,160,,,
2025/1/9,Tulingan (Frigate Tuna),473 kg,360,56.75,160,,,
2025/1/10,Alumahan (Striped Mackerel),"1,205 kg",210,56.75,160,,,
2025/1/10,Bangus (Milk Fish),42 kg,210,56.75,160,,,
2025/1/10,Bariles (Yellow Fin Tuna),384 kg,260,56.75,160,,,
2025/1/10,Culisi (Nemipterid),"2,181 kg",133,56.75,160,,,
2025/1/10,Galunggong (Round Scad),975 kg,210,56.75,160,,,
2025/1/10,Gulyasan or puyan (Skipjack tuna),229 kg,210,56.75,160,,,
2025/1/10,Lapu-lapu (Grouper),73 kg,290,56.75,160,,,
2025/1/10,Malasugi (Blue Marlin),829 Kg,310,56.75,160,,,
2025/1/10,Matang Baka (Big-eyed Scads),"1,685 kg",260,56.75,160,,,
2025/1/10,Maya-maya (Snapper),23 kg,360,56.75,160,,,
2025/1/10,Mulmul (Parrot Fish),17 kg,210,56.75,160,,,
2025/1/10,Samaral (Siganid),67 kg,230,56.75,160,,,
2025/1/10,Talakitok (Crevalle),91 kg,290,56.75,160,,,
2025/1/10,Tamban (Indian Sardines),"4,716 kg",110,56.75,160,,,
2025/1/10,Sting Ray,249 Kg,110,56.75,160,,,
2025/1/10,Tanguigue (Spanish Mackerel),279 Kg,310,56.75,160,,,
2025/1/10,Tulingan (Frigate Tuna),473 kg,360,56.75,160,,,
2025/1/11,Alumahan (Striped Mackerel),"1,205 kg",190,56.75,160,,,
2025/1/11,Bangus (Milk Fish),42 kg,190,56.75,160,,,
2025/1/11,Bariles (Yellow Fin Tuna),384 kg,240,56.75,160,,,
2025/1/11,Culisi (Nemipterid),"2,181 kg",113,56.75,160,,,
2025/1/11,Galunggong (Round Scad),975 kg,190,56.75,160,,,
2025/1/11,Gulyasan or puyan (Skipjack tuna),229 kg,190,56.75,160,,,
2025/1/11,Lapu-lapu (Grouper),73 kg,270,56.75,160,,,
2025/1/11,Malasugi (Blue Marlin),829 Kg,290,56.75,160,,,
2025/1/11,Matang Baka (Big-eyed Scads),"1,685 kg",240,56.75,160,,,
2025/1/11,Maya-maya (Snapper),23 kg,340,56.75,160,,,
2025/1/11,Mulmul (Parrot Fish),17 kg,190,56.75,160,,,
2025/1/11,Samaral (Siganid),67 kg,210,56.75,160,,,
2025/1/11,Talakitok (Crevalle),91 kg,270,56.75,160,,,
2025/1/11,Tamban (Indian Sardines),"4,716 kg",90,56.75,160,,,
2025/1/11,Sting Ray,249 Kg,90,56.75,160,,,
2025/1/11,Tanguigue (Spanish Mackerel),279 Kg,290,56.75,160,,,
2025/1/11,Tulingan (Frigate Tuna),473 kg,340,56.75,160,,,
2025/1/12,Alumahan (Striped Mackerel),"1,205 kg",190,56.75,160,,,
2025/1/12,Bangus (Milk Fish),42 kg,190,56.75,160,,,
2025/1/12,Bariles (Yellow Fin Tuna),384 kg,240,56.75,160,,,
2025/1/12,Culisi (Nemipterid),"2,181 kg",113,56.75,160,,,
2025/1/12,Galunggong (Round Scad),975 kg,190,56.75,160,,,
2025/1/12,Gulyasan or puyan (Skipjack tuna),229 kg,190,56.75,160,,,
2025/1/12,Lapu-lapu (Grouper),73 kg,270,56.75,160,,,
2025/1/12,Malasugi (Blue Marlin),829 Kg,290,56.75,160,,,
2025/1/12,Matang Baka (Big-eyed Scads),"1,685 kg",240,56.75,160,,,
2025/1/12,Maya-maya (Snapper),23 kg,340,56.75,160,,,
2025/1/12,Mulmul (Parrot Fish),17 kg,190,56.75,160,,,
2025/1/12,Samaral (Siganid),67 kg,210,56.75,160,,,
2025/1/12,Talakitok (Crevalle),91 kg,270,56.75,160,,,
2025/1/12,Tamban (Indian Sardines),"4,716 kg",90,56.75,160,,,
2025/1/12,Sting Ray,249 Kg,90,56.75,160,,,
2025/1/12,Tanguigue (Spanish Mackerel),279 Kg,290,56.75,160,,,
2025/1/12,Tulingan (Frigate Tuna),473 kg,340,56.75,160,,,
2025/1/13,Alumahan (Striped Mackerel),"1,205 kg",190,56.75,160,,,
2025/1/13,Bangus (Milk Fish),42 kg,190,56.75,160,,,
2025/1/13,Bariles (Yellow Fin Tuna),384 kg,240,56.75,160,,,
2025/1/13,Culisi (Nemipterid),"2,181 kg",113,56.75,160,,,
2025/1/13,Galunggong (Round Scad),975 kg,190,56.75,160,,,
2025/1/13,Gulyasan or puyan (Skipjack tuna),229 kg,190,56.75,160,,,
2025/1/13,Lapu-lapu (Grouper),73 kg,270,56.75,160,,,
2025/1/13,Malasugi (Blue Marlin),829 Kg,290,56.75,160,,,
2025/1/13,Matang Baka (Big-eyed Scads),"1,685 kg",240,56.75,160,,,
2025/1/13,Maya-maya (Snapper),23 kg,340,56.75,160,,,
2025/1/13,Mulmul (Parrot Fish),17 kg,190,56.75,160,,,
2025/1/13,Samaral (Siganid),67 kg,210,56.75,160,,,
2025/1/13,Talakitok (Crevalle),91 kg,270,56.75,160,,,
2025/1/13,Tamban (Indian Sardines),"4,716 kg",90,56.75,160,,,
2025/1/13,Sting Ray,249 Kg,90,56.75,160,,,
2025/1/13,Tanguigue (Spanish Mackerel),279 Kg,290,56.75,160,,,
2025/1/13,Tulingan (Frigate Tuna),473 kg,340,56.75,160,,,
2025/1/14,Alumahan (Striped Mackerel),"1,205 kg",190,57.65,160,,,
2025/1/14,Bangus (Milk Fish),42 kg,190,57.65,160,,,
2025/1/14,Bariles (Yellow Fin Tuna),384 kg,240,57.65,160,,,
2025/1/14,Culisi (Nemipterid),"2,181 kg",113,57.65,160,,,
2025/1/14,Galunggong (Round Scad),975 kg,190,57.65,160,,,
2025/1/14,Gulyasan or puyan (Skipjack tuna),229 kg,190,57.65,160,,,
2025/1/14,Lapu-lapu (Grouper),73 kg,270,57.65,160,,,
2025/1/14,Malasugi (Blue Marlin),829 Kg,290,57.65,160,,,
2025/1/14,Matang Baka (Big-eyed Scads),"1,685 kg",240,57.65,160,,,
2025/1/14,Maya-maya (Snapper),23 kg,340,57.65,160,,,
2025/1/14,Mulmul (Parrot Fish),17 kg,190,57.65,160,,,
2025/1/14,Samaral (Siganid),67 kg,210,57.65,160,,,
2025/1/14,Talakitok (Crevalle),91 kg,270,57.65,160,,,
2025/1/14,Tamban (Indian Sardines),"4,716 kg",90,57.65,160,,,
2025/1/14,Sting Ray,249 Kg,90,57.65,160,,,
2025/1/14,Tanguigue (Spanish Mackerel),279 Kg,290,57.65,160,,,
2025/1/14,Tulingan (Frigate Tuna),473 kg,340,57.65,160,,,
2025/1/15,Alumahan (Striped Mackerel),"1,205 kg",190,57.65,160,,,
2025/1/15,Bangus (Milk Fish),42 kg,190,57.65,160,,,
2025/1/15,Bariles (Yellow Fin Tuna),384 kg,240,57.65,160,,,
2025/1/15,Culisi (Nemipterid),"2,181 kg",113,57.65,160,,,
2025/1/15,Galunggong (Round Scad),975 kg,190,57.65,160,,,
2025/1/15,Gulyasan or puyan (Skipjack tuna),229 kg,190,57.65,160,,,
2025/1/15,Lapu-lapu (Grouper),73 kg,270,57.65,160,,,
2025/1/15,Malasugi (Blue Marlin),829 Kg,290,57.65,160,,,
2025/1/15,Matang Baka (Big-eyed Scads),"1,685 kg",240,57.65,160,,,
2025/1/15,Maya-maya (Snapper),23 kg,340,57.65,160,,,
2025/1/15,Mulmul (Parrot Fish),17 kg,190,57.65,160,,,
2025/1/15,Samaral (Siganid),67 kg,210,57.65,160,,,
2025/1/15,Talakitok (Crevalle),91 kg,270,57.65,160,,,
2025/1/15,Tamban (Indian Sardines),"4,716 kg",90,57.65,160,,,
2025/1/15,Sting Ray,249 Kg,90,57.65,160,,,
2025/1/15,Tanguigue (Spanish Mackerel),279 Kg,290,57.65,160,,,
2025/1/15,Tulingan (Frigate Tuna),473 kg,340,57.65,160,,,
2025/1/16,Alumahan (Striped Mackerel),"1,205 kg",200,57.65,160,,,
2025/1/16,Bangus (Milk Fish),42 kg,200,57.65,160,,,
2025/1/16,Bariles (Yellow Fin Tuna),384 kg,250,57.65,160,,,
2025/1/16,Culisi (Nemipterid),"2,181 kg",123,57.65,160,,,
2025/1/16,Galunggong (Round Scad),975 kg,200,57.65,160,,,
2025/1/16,Gulyasan or puyan (Skipjack tuna),229 kg,200,57.65,160,,,
2025/1/16,Lapu-lapu (Grouper),73 kg,280,57.65,160,,,
2025/1/16,Malasugi (Blue Marlin),829 Kg,300,57.65,160,,,
2025/1/16,Matang Baka (Big-eyed Scads),"1,685 kg",250,57.65,160,,,
2025/1/16,Maya-maya (Snapper),23 kg,350,57.65,160,,,
2025/1/16,Mulmul (Parrot Fish),17 kg,200,57.65,160,,,
2025/1/16,Samaral (Siganid),67 kg,220,57.65,160,,,
2025/1/16,Talakitok (Crevalle),91 kg,280,57.65,160,,,
2025/1/16,Tamban (Indian Sardines),"4,716 kg",100,57.65,160,,,
2025/1/16,Sting Ray,249 Kg,100,57.65,160,,,
2025/1/16,Tanguigue (Spanish Mackerel),279 Kg,300,57.65,160,,,
2025/1/16,Tulingan (Frigate Tuna),473 kg,350,57.65,160,,,
2025/1/17,Alumahan (Striped Mackerel),"1,205 kg",200,57.65,160,,,
2025/1/17,Bangus (Milk Fish),42 kg,200,57.65,160,,,
2025/1/17,Bariles (Yellow Fin Tuna),384 kg,250,57.65,160,,,
2025/1/17,Culisi (Nemipterid),"2,181 kg",123,57.65,160,,,
2025/1/17,Galunggong (Round Scad),975 kg,200,57.65,160,,,
2025/1/17,Gulyasan or puyan (Skipjack tuna),229 kg,200,57.65,160,,,
2025/1/17,Lapu-lapu (Grouper),73 kg,280,57.65,160,,,
2025/1/17,Malasugi (Blue Marlin),829 Kg,300,57.65,160,,,
2025/1/17,Matang Baka (Big-eyed Scads),"1,685 kg",250,57.65,160,,,
2025/1/17,Maya-maya (Snapper),23 kg,350,57.65,160,,,
2025/1/17,Mulmul (Parrot Fish),17 kg,200,57.65,160,,,
2025/1/17,Samaral (Siganid),67 kg,220,57.65,160,,,
2025/1/17,Talakitok (Crevalle),91 kg,280,57.65,160,,,
2025/1/17,Tamban (Indian Sardines),"4,716 kg",100,57.65,160,,,
2025/1/17,Sting Ray,249 Kg,100,57.65,160,,,
2025/1/17,Tanguigue (Spanish Mackerel),279 Kg,300,57.65,160,,,
2025/1/17,Tulingan (Frigate Tuna),473 kg,350,57.65,160,,,
2025/1/18,Alumahan (Striped Mackerel),"1,205 kg",200,57.65,160,,,
2025/1/18,Bangus (Milk Fish),42 kg,200,57.65,160,,,
2025/1/18,Bariles (Yellow Fin Tuna),384 kg,250,57.65,160,,,
2025/1/18,Culisi (Nemipterid),"2,181 kg",123,57.65,160,,,
2025/1/18,Galunggong (Round Scad),975 kg,200,57.65,160,,,
2025/1/18,Gulyasan or puyan (Skipjack tuna),229 kg,200,57.65,160,,,
2025/1/18,Lapu-lapu (Grouper),73 kg,280,57.65,160,,,
2025/1/18,Malasugi (Blue Marlin),829 Kg,300,57.65,160,,,
2025/1/18,Matang Baka (Big-eyed Scads),"1,685 kg",250,57.65,160,,,
2025/1/18,Maya-maya (Snapper),23 kg,350,57.65,160,,,
2025/1/18,Mulmul (Parrot Fish),17 kg,200,57.65,160,,,
2025/1/18,Samaral (Siganid),67 kg,220,57.65,160,,,
2025/1/18,Talakitok (Crevalle),91 kg,280,57.65,160,,,
2025/1/18,Tamban (Indian Sardines),"4,716 kg",100,57.65,160,,,
2025/1/18,Sting Ray,249 Kg,100,57.65,160,,,
2025/1/18,Tanguigue (Spanish Mackerel),279 Kg,300,57.65,160,,,
2025/1/18,Tulingan (Frigate Tuna),473 kg,350,57.65,160,,,
2025/1/19,Alumahan (Striped Mackerel),"1,205 kg",200,57.65,160,,,
2025/1/19,Bangus (Milk Fish),42 kg,200,57.65,160,,,
2025/1/19,Bariles (Yellow Fin Tuna),384 kg,250,57.65,160,,,
2025/1/19,Culisi (Nemipterid),"2,181 kg",123,57.65,160,,,
2025/1/19,Galunggong (Round Scad),975 kg,200,57.65,160,,,
2025/1/19,Gulyasan or puyan (Skipjack tuna),229 kg,200,57.65,160,,,
2025/1/19,Lapu-lapu (Grouper),73 kg,280,57.65,160,,,
2025/1/19,Malasugi (Blue Marlin),829 Kg,300,57.65,160,,,
2025/1/19,Matang Baka (Big-eyed Scads),"1,685 kg",250,57.65,160,,,
2025/1/19,Maya-maya (Snapper),23 kg,350,57.65,160,,,
2025/1/19,Mulmul (Parrot Fish),17 kg,200,57.65,160,,,
2025/1/19,Samaral (Siganid),67 kg,220,57.65,160,,,
2025/1/19,Talakitok (Crevalle),91 kg,280,57.65,160,,,
2025/1/19,Tamban (Indian Sardines),"4,716 kg",100,57.65,160,,,
2025/1/19,Sting Ray,249 Kg,100,57.65,160,,,
2025/1/19,Tanguigue (Spanish Mackerel),279 Kg,300,57.65,160,,,
2025/1/19,Tulingan (Frigate Tuna),473 kg,350,57.65,160,,,
2025/1/20,Alumahan (Striped Mackerel),"1,205 kg",200,57.65,160,,,
2025/1/20,Bangus (Milk Fish),42 kg,200,57.65,160,,,
2025/1/20,Bariles (Yellow Fin Tuna),384 kg,250,57.65,160,,,
2025/1/20,Culisi (Nemipterid),"2,181 kg",123,57.65,160,,,
2025/1/20,Galunggong (Round Scad),975 kg,200,57.65,160,,,
2025/1/20,Gulyasan or puyan (Skipjack tuna),229 kg,200,57.65,160,,,
2025/1/20,Lapu-lapu (Grouper),73 kg,280,57.65,160,,,
2025/1/20,Malasugi (Blue Marlin),829 Kg,300,57.65,160,,,
2025/1/20,Matang Baka (Big-eyed Scads),"1,685 kg",250,57.65,160,,,
2025/1/20,Maya-maya (Snapper),23 kg,350,57.65,160,,,
2025/1/20,Mulmul (Parrot Fish),17 kg,200,57.65,160,,,
2025/1/20,Samaral (Siganid),67 kg,220,57.65,160,,,
2025/1/20,Talakitok (Crevalle),91 kg,280,57.65,160,,,
2025/1/20,Tamban (Indian Sardines),"4,716 kg",100,57.65,160,,,
2025/1/20,Sting Ray,249 Kg,100,57.65,160,,,
2025/1/20,Tanguigue (Spanish Mackerel),279 Kg,300,57.65,160,,,
2025/1/20,Tulingan (Frigate Tuna),473 kg,350,57.65,160,,,
2025/1/21,Alumahan (Striped Mackerel),"1,205 kg",210,60.35,160,,,
2025/1/21,Bangus (Milk Fish),42 kg,210,60.35,160,,,
2025/1/21,Bariles (Yellow Fin Tuna),384 kg,260,60.35,160,,,
2025/1/21,Culisi (Nemipterid),"2,181 kg",133,60.35,160,,,
2025/1/21,Galunggong (Round Scad),975 kg,210,60.35,160,,,
2025/1/21,Gulyasan or puyan (Skipjack tuna),229 kg,210,60.35,160,,,
2025/1/21,Lapu-lapu (Grouper),73 kg,290,60.35,160,,,
2025/1/21,Malasugi (Blue Marlin),829 Kg,310,60.35,160,,,
2025/1/21,Matang Baka (Big-eyed Scads),"1,685 kg",260,60.35,160,,,
2025/1/21,Maya-maya (Snapper),23 kg,360,60.35,160,,,
2025/1/21,Mulmul (Parrot Fish),17 kg,210,60.35,160,,,
2025/1/21,Samaral (Siganid),67 kg,230,60.35,160,,,
2025/1/21,Talakitok (Crevalle),91 kg,290,60.35,160,,,
2025/1/21,Tamban (Indian Sardines),"4,716 kg",110,60.35,160,,,
2025/1/21,Sting Ray,249 Kg,110,60.35,160,,,
2025/1/21,Tanguigue (Spanish Mackerel),279 Kg,310,60.35,160,,,
2025/1/21,Tulingan (Frigate Tuna),473 kg,360,60.35,160,,,
2025/1/22,Alumahan (Striped Mackerel),"1,205 kg",210,60.35,160,,,
2025/1/22,Bangus (Milk Fish),42 kg,210,60.35,160,,,
2025/1/22,Bariles (Yellow Fin Tuna),384 kg,260,60.35,160,,,
2025/1/22,Culisi (Nemipterid),"2,181 kg",133,60.35,160,,,
2025/1/22,Galunggong (Round Scad),975 kg,210,60.35,160,,,
2025/1/22,Gulyasan or puyan (Skipjack tuna),229 kg,210,60.35,160,,,
2025/1/22,Lapu-lapu (Grouper),73 kg,290,60.35,160,,,
2025/1/22,Malasugi (Blue Marlin),829 Kg,310,60.35,160,,,
2025/1/22,Matang Baka (Big-eyed Scads),"1,685 kg",260,60.35,160,,,
2025/1/22,Maya-maya (Snapper),23 kg,360,60.35,160,,,
2025/1/22,Mulmul (Parrot Fish),17 kg,210,60.35,160,,,
2025/1/22,Samaral (Siganid),67 kg,230,60.35,160,,,
2025/1/22,Talakitok (Crevalle),91 kg,290,60.35,160,,,
2025/1/22,Tamban (Indian Sardines),"4,716 kg",110,60.35,160,,,
2025/1/22,Sting Ray,249 Kg,110,60.35,160,,,
2025/1/22,Tanguigue (Spanish Mackerel),279 Kg,310,60.35,160,,,
2025/1/22,Tulingan (Frigate Tuna),473 kg,360,60.35,160,,,
2025/1/23,Alumahan (Striped Mackerel),"1,205 kg",210,60.35,160,,,
2025/1/23,Bangus (Milk Fish),42 kg,210,60.35,160,,,
2025/1/23,Bariles (Yellow Fin Tuna),384 kg,260,60.35,160,,,
2025/1/23,Culisi (Nemipterid),"2,181 kg",133,60.35,160,,,
2025/1/23,Galunggong (Round Scad),975 kg,210,60.35,160,,,
2025/1/23,Gulyasan or puyan (Skipjack tuna),229 kg,210,60.35,160,,,
2025/1/23,Lapu-lapu (Grouper),73 kg,290,60.35,160,,,
2025/1/23,Malasugi (Blue Marlin),829 Kg,310,60.35,160,,,
2025/1/23,Matang Baka (Big-eyed Scads),"1,685 kg",260,60.35,160,,,
2025/1/23,Maya-maya (Snapper),23 kg,360,60.35,160,,,
2025/1/23,Mulmul (Parrot Fish),17 kg,210,60.35,160,,,
2025/1/23,Samaral (Siganid),67 kg,230,60.35,160,,,
2025/1/23,Talakitok (Crevalle),91 kg,290,60.35,160,,,
2025/1/23,Tamban (Indian Sardines),"4,716 kg",110,60.35,160,,,
2025/1/23,Sting Ray,249 Kg,110,60.35,160,,,
2025/1/23,Tanguigue (Spanish Mackerel),279 Kg,310,60.35,160,,,
2025/1/23,Tulingan (Frigate Tuna),473 kg,360,60.35,160,,,
2025/1/24,Alumahan (Striped Mackerel),"1,205 kg",210,60.35,160,,,
2025/1/24,Bangus (Milk Fish),42 kg,210,60.35,160,,,
2025/1/24,Bariles (Yellow Fin Tuna),384 kg,260,60.35,160,,,
2025/1/24,Culisi (Nemipterid),"2,181 kg",133,60.35,160,,,
2025/1/24,Galunggong (Round Scad),975 kg,210,60.35,160,,,
2025/1/24,Gulyasan or puyan (Skipjack tuna),229 kg,210,60.35,160,,,
2025/1/24,Lapu-lapu (Grouper),73 kg,290,60.35,160,,,
2025/1/24,Malasugi (Blue Marlin),829 Kg,310,60.35,160,,,
2025/1/24,Matang Baka (Big-eyed Scads),"1,685 kg",260,60.35,160,,,
2025/1/24,Maya-maya (Snapper),23 kg,360,60.35,160,,,
2025/1/24,Mulmul (Parrot Fish),17 kg,210,60.35,160,,,
2025/1/24,Samaral (Siganid),67 kg,230,60.35,160,,,
2025/1/24,Talakitok (Crevalle),91 kg,290,60.35,160,,,
2025/1/24,Tamban (Indian Sardines),"4,716 kg",110,60.35,160,,,
2025/1/24,Sting Ray,249 Kg,110,60.35,160,,,
2025/1/24,Tanguigue (Spanish Mackerel),279 Kg,310,60.35,160,,,
2025/1/24,Tulingan (Frigate Tuna),473 kg,360,60.35,160,,,
2025/1/25,Alumahan (Striped Mackerel),"1,205 kg",210,60.35,160,,,
2025/1/25,Bangus (Milk Fish),42 kg,210,60.35,160,,,
2025/1/25,Bariles (Yellow Fin Tuna),384 kg,260,60.35,160,,,
2025/1/25,Culisi (Nemipterid),"2,181 kg",133,60.35,160,,,
2025/1/25,Galunggong (Round Scad),975 kg,210,60.35,160,,,
2025/1/25,Gulyasan or puyan (Skipjack tuna),229 kg,210,60.35,160,,,
2025/1/25,Lapu-lapu (Grouper),73 kg,290,60.35,160,,,
2025/1/25,Malasugi (Blue Marlin),829 Kg,310,60.35,160,,,
2025/1/25,Matang Baka (Big-eyed Scads),"1,685 kg",260,60.35,160,,,
2025/1/25,Maya-maya (Snapper),23 kg,360,60.35,160,,,
2025/1/25,Mulmul (Parrot Fish),17 kg,210,60.35,160,,,
2025/1/25,Samaral (Siganid),67 kg,230,60.35,160,,,
2025/1/25,Talakitok (Crevalle),91 kg,290,60.35,160,,,
2025/1/25,Tamban (Indian Sardines),"4,716 kg",110,60.35,160,,,
2025/1/25,Sting Ray,249 Kg,110,60.35,160,,,
2025/1/25,Tanguigue (Spanish Mackerel),279 Kg,310,60.35,160,,,
2025/1/25,Tulingan (Frigate Tuna),473 kg,360,60.35,160,,,
2025/1/26,Alumahan (Striped Mackerel),"1,205 kg",190,60.35,160,,,
2025/1/26,Bangus (Milk Fish),42 kg,190,60.35,160,,,
2025/1/26,Bariles (Yellow Fin Tuna),384 kg,240,60.35,160,,,
2025/1/26,Culisi (Nemipterid),"2,181 kg",113,60.35,160,,,
2025/1/26,Galunggong (Round Scad),975 kg,190,60.35,160,,,
2025/1/26,Gulyasan or puyan (Skipjack tuna),229 kg,190,60.35,160,,,
2025/1/26,Lapu-lapu (Grouper),73 kg,270,60.35,160,,,
2025/1/26,Malasugi (Blue Marlin),829 Kg,290,60.35,160,,,
2025/1/26,Matang Baka (Big-eyed Scads),"1,685 kg",240,60.35,160,,,
2025/1/26,Maya-maya (Snapper),23 kg,340,60.35,160,,,
2025/1/26,Mulmul (Parrot Fish),17 kg,190,60.35,160,,,
2025/1/26,Samaral (Siganid),67 kg,210,60.35,160,,,
2025/1/26,Talakitok (Crevalle),91 kg,270,60.35,160,,,
2025/1/26,Tamban (Indian Sardines),"4,716 kg",90,60.35,160,,,
2025/1/26,Sting Ray,249 Kg,90,60.35,160,,,
2025/1/26,Tanguigue (Spanish Mackerel),279 Kg,290,60.35,160,,,
2025/1/26,Tulingan (Frigate Tuna),473 kg,340,60.35,160,,,
2025/1/27,Alumahan (Striped Mackerel),"1,205 kg",190,60.35,160,,,
2025/1/27,Bangus (Milk Fish),42 kg,190,60.35,160,,,
2025/1/27,Bariles (Yellow Fin Tuna),384 kg,240,60.35,160,,,
2025/1/27,Culisi (Nemipterid),"2,181 kg",113,60.35,160,,,
2025/1/27,Galunggong (Round Scad),975 kg,190,60.35,160,,,
2025/1/27,Gulyasan or puyan (Skipjack tuna),229 kg,190,60.35,160,,,
2025/1/27,Lapu-lapu (Grouper),73 kg,270,60.35,160,,,
2025/1/27,Malasugi (Blue Marlin),829 Kg,290,60.35,160,,,
2025/1/27,Matang Baka (Big-eyed Scads),"1,685 kg",240,60.35,160,,,
2025/1/27,Maya-maya (Snapper),23 kg,340,60.35,160,,,
2025/1/27,Mulmul (Parrot Fish),17 kg,190,60.35,160,,,
2025/1/27,Samaral (Siganid),67 kg,210,60.35,160,,,
2025/1/27,Talakitok (Crevalle),91 kg,270,60.35,160,,,
2025/1/27,Tamban (Indian Sardines),"4,716 kg",90,60.35,160,,,
2025/1/27,Sting Ray,249 Kg,90,60.35,160,,,
2025/1/27,Tanguigue (Spanish Mackerel),279 Kg,290,60.35,160,,,
2025/1/27,Tulingan (Frigate Tuna),473 kg,340,60.35,160,,,
2025/1/28,Alumahan (Striped Mackerel),"1,205 kg",190,57.85,160,,,
2025/1/28,Bangus (Milk Fish),42 kg,190,57.85,160,,,
2025/1/28,Bariles (Yellow Fin Tuna),384 kg,240,57.85,160,,,
2025/1/28,Culisi (Nemipterid),"2,181 kg",113,57.85,160,,,
2025/1/28,Galunggong (Round Scad),975 kg,190,57.85,160,,,
2025/1/28,Gulyasan or puyan (Skipjack tuna),229 kg,190,57.85,160,,,
2025/1/28,Lapu-lapu (Grouper),73 kg,270,57.85,160,,,
2025/1/28,Malasugi (Blue Marlin),829 Kg,290,57.85,160,,,
2025/1/28,Matang Baka (Big-eyed Scads),"1,685 kg",240,57.85,160,,,
2025/1/28,Maya-maya (Snapper),23 kg,340,57.85,160,,,
2025/1/28,Mulmul (Parrot Fish),17 kg,190,57.85,160,,,
2025/1/28,Samaral (Siganid),67 kg,210,57.85,160,,,
2025/1/28,Talakitok (Crevalle),91 kg,270,57.85,160,,,
2025/1/28,Tamban (Indian Sardines),"4,716 kg",90,57.85,160,,,
2025/1/28,Sting Ray,249 Kg,90,57.85,160,,,
2025/1/28,Tanguigue (Spanish Mackerel),279 Kg,290,57.85,160,,,
2025/1/28,Tulingan (Frigate Tuna),473 kg,340,57.85,160,,,
2025/1/29,Alumahan (Striped Mackerel),"1,205 kg",190,57.85,160,,,
2025/1/29,Bangus (Milk Fish),42 kg,190,57.85,160,,,
2025/1/29,Bariles (Yellow Fin Tuna),384 kg,240,57.85,160,,,
2025/1/29,Culisi (Nemipterid),"2,181 kg",113,57.85,160,,,
2025/1/29,Galunggong (Round Scad),975 kg,190,57.85,160,,,
2025/1/29,Gulyasan or puyan (Skipjack tuna),229 kg,190,57.85,160,,,
2025/1/29,Lapu-lapu (Grouper),73 kg,270,57.85,160,,,
2025/1/29,Malasugi (Blue Marlin),829 Kg,290,57.85,160,,,
2025/1/29,Matang Baka (Big-eyed Scads),"1,685 kg",240,57.85,160,,,
2025/1/29,Maya-maya (Snapper),23 kg,340,57.85,160,,,
2025/1/29,Mulmul (Parrot Fish),17 kg,190,57.85,160,,,
2025/1/29,Samaral (Siganid),67 kg,210,57.85,160,,,
2025/1/29,Talakitok (Crevalle),91 kg,270,57.85,160,,,
2025/1/29,Tamban (Indian Sardines),"4,716 kg",90,57.85,160,,,
2025/1/29,Sting Ray,249 Kg,90,57.85,160,,,
2025/1/29,Tanguigue (Spanish Mackerel),279 Kg,290,57.85,160,,,
2025/1/29,Tulingan (Frigate Tuna),473 kg,340,57.85,160,,,
2025/1/30,Alumahan (Striped Mackerel),"1,205 kg",190,57.85,160,,,
2025/1/30,Bangus (Milk Fish),42 kg,190,57.85,160,,,
2025/1/30,Bariles (Yellow Fin Tuna),384 kg,240,57.85,160,,,
2025/1/30,Culisi (Nemipterid),"2,181 kg",113,57.85,160,,,
2025/1/30,Galunggong (Round Scad),975 kg,190,57.85,160,,,
2025/1/30,Gulyasan or puyan (Skipjack tuna),229 kg,190,57.85,160,,,
2025/1/30,Lapu-lapu (Grouper),73 kg,270,57.85,160,,,
2025/1/30,Malasugi (Blue Marlin),829 Kg,290,57.85,160,,,
2025/1/30,Matang Baka (Big-eyed Scads),"1,685 kg",240,57.85,160,,,
2025/1/30,Maya-maya (Snapper),23 kg,340,57.85,160,,,
2025/1/30,Mulmul (Parrot Fish),17 kg,190,57.85,160,,,
2025/1/30,Samaral (Siganid),67 kg,210,57.85,160,,, 
2025/1/30,Talakitok (Crevalle),91 kg,270,57.85,160,,,
2025/1/30,Tamban (Indian Sardines),"4,716 kg",90,57.85,160,,,
2025/1/30,Sting Ray,249 Kg,90,57.85,160,,,
2025/1/30,Tanguigue (Spanish Mackerel),279 Kg,290,57.85,160,,,
2025/1/30,Tulingan (Frigate Tuna),473 kg,340,57.85,160,,,
2025/1/31,Alumahan (Striped Mackerel),"1,205 kg",190,57.85,160,,,
2025/1/31,Bangus (Milk Fish),42 kg,190,57.85,160,,,
2025/1/31,Bariles (Yellow Fin Tuna),384 kg,240,57.85,160,,,
2025/1/31,Culisi (Nemipterid),"2,181 kg",113,57.85,160,,,
2025/1/31,Galunggong (Round Scad),975 kg,190,57.85,160,,,
2025/1/31,Gulyasan or puyan (Skipjack tuna),229 kg,190,57.85,160,,,
2025/1/31,Lapu-lapu (Grouper),73 kg,270,57.85,160,,,
2025/1/31,Malasugi (Blue Marlin),829 Kg,290,57.85,160,,,
2025/1/31,Matang Baka (Big-eyed Scads),"1,685 kg",240,57.85,160,,,
2025/1/31,Maya-maya (Snapper),23 kg,340,57.85,160,,,
2025/1/31,Mulmul (Parrot Fish),17 kg,190,57.85,160,,,
2025/1/31,Samaral (Siganid),67 kg,210,57.85,160,,,
2025/1/31,Talakitok (Crevalle),91 kg,270,57.85,160,,,
2025/1/31,Tamban (Indian Sardines),"4,716 kg",90,57.85,160,,,
2025/1/31,Sting Ray,249 Kg,90,57.85,160,,,
2025/1/31,Tanguigue (Spanish Mackerel),279 Kg,290,57.85,160,,,
2025/1/31,Tulingan (Frigate Tuna),473 kg,340,57.85,160,,,
2025/2/1,Alumahan (Striped Mackerel),"1,205 kg",200,57.85,160,,,
2025/2/1,Bangus (Milk Fish),42 kg,200,57.85,160,,,
2025/2/1,Bariles (Yellow Fin Tuna),384 kg,250,57.85,160,,,
2025/2/1,Culisi (Nemipterid),"2,181 kg",123,57.85,160,,,
2025/2/1,Galunggong (Round Scad),975 kg,200,57.85,160,,,
2025/2/1,Gulyasan or puyan (Skipjack tuna),229 kg,200,57.85,160,,,
2025/2/1,Lapu-lapu (Grouper),73 kg,280,57.85,160,,,
2025/2/1,Malasugi (Blue Marlin),829 Kg,300,57.85,160,,,
2025/2/1,Matang Baka (Big-eyed Scads),"1,685 kg",250,57.85,160,,,
2025/2/1,Maya-maya (Snapper),23 kg,350,57.85,160,,,
2025/2/1,Mulmul (Parrot Fish),17 kg,200,57.85,160,,,
2025/2/1,Samaral (Siganid),67 kg,220,57.85,160,,,
2025/2/1,Talakitok (Crevalle),91 kg,280,57.85,160,,,
2025/2/1,Tamban (Indian Sardines),"4,716 kg",100,57.85,160,,,
2025/2/1,Sting Ray,249 Kg,100,57.85,160,,,
2025/2/1,Tanguigue (Spanish Mackerel),279 Kg,300,57.85,160,,,
2025/2/1,Tulingan (Frigate Tuna),473 kg,350,57.85,160,,,
2025/2/2,Alumahan (Striped Mackerel),"1,205 kg",200,57.85,160,,,
2025/2/2,Bangus (Milk Fish),42 kg,200,57.85,160,,,
2025/2/2,Bariles (Yellow Fin Tuna),384 kg,250,57.85,160,,,
2025/2/2,Culisi (Nemipterid),"2,181 kg",123,57.85,160,,,
2025/2/2,Galunggong (Round Scad),975 kg,200,57.85,160,,,
2025/2/2,Gulyasan or puyan (Skipjack tuna),229 kg,200,57.85,160,,,
2025/2/2,Lapu-lapu (Grouper),73 kg,280,57.85,160,,,
2025/2/2,Malasugi (Blue Marlin),829 Kg,300,57.85,160,,,
2025/2/2,Matang Baka (Big-eyed Scads),"1,685 kg",250,57.85,160,,,
2025/2/2,Maya-maya (Snapper),23 kg,350,57.85,160,,,
2025/2/2,Mulmul (Parrot Fish),17 kg,200,57.85,160,,,
2025/2/2,Samaral (Siganid),67 kg,220,57.85,160,,,
2025/2/2,Talakitok (Crevalle),91 kg,280,57.85,160,,,
2025/2/2,Tamban (Indian Sardines),"4,716 kg",100,57.85,160,,,
2025/2/2,Sting Ray,249 Kg,100,57.85,160,,,
2025/2/2,Tanguigue (Spanish Mackerel),279 Kg,300,57.85,160,,,
2025/2/2,Tulingan (Frigate Tuna),473 kg,350,57.85,160,,,
2025/2/3,Alumahan (Striped Mackerel),"1,205 kg",200,57.85,160,,,
2025/2/3,Bangus (Milk Fish),42 kg,200,57.85,160,,,
2025/2/3,Bariles (Yellow Fin Tuna),384 kg,250,57.85,160,,,
2025/2/3,Culisi (Nemipterid),"2,181 kg",123,57.85,160,,,
2025/2/3,Galunggong (Round Scad),975 kg,200,57.85,160,,,
2025/2/3,Gulyasan or puyan (Skipjack tuna),229 kg,200,57.85,160,,,
2025/2/3,Lapu-lapu (Grouper),73 kg,280,57.85,160,,,
2025/2/3,Malasugi (Blue Marlin),829 Kg,300,57.85,160,,,
2025/2/3,Matang Baka (Big-eyed Scads),"1,685 kg",250,57.85,160,,,
2025/2/3,Maya-maya (Snapper),23 kg,350,57.85,160,,,
2025/2/3,Mulmul (Parrot Fish),17 kg,200,57.85,160,,,
2025/2/3,Samaral (Siganid),67 kg,220,57.85,160,,,
2025/2/3,Talakitok (Crevalle),91 kg,280,57.85,160,,,
2025/2/3,Tamban (Indian Sardines),"4,716 kg",100,57.85,160,,,
2025/2/3,Sting Ray,249 Kg,100,57.85,160,,,
2025/2/3,Tanguigue (Spanish Mackerel),279 Kg,300,57.85,160,,,
2025/2/3,Tulingan (Frigate Tuna),473 kg,350,57.85,160,,,
2025/2/4,Alumahan (Striped Mackerel),"1,205 kg",200,56.7,160,,,
2025/2/4,Bangus (Milk Fish),42 kg,200,56.7,160,,,
2025/2/4,Bariles (Yellow Fin Tuna),384 kg,250,56.7,160,,,
2025/2/4,Culisi (Nemipterid),"2,181 kg",123,56.7,160,,,
2025/2/4,Galunggong (Round Scad),975 kg,200,56.7,160,,,
2025/2/4,Gulyasan or puyan (Skipjack tuna),229 kg,200,56.7,160,,,
2025/2/4,Lapu-lapu (Grouper),73 kg,280,56.7,160,,,
2025/2/4,Malasugi (Blue Marlin),829 Kg,300,56.7,160,,,
2025/2/4,Matang Baka (Big-eyed Scads),"1,685 kg",250,56.7,160,,,
2025/2/4,Maya-maya (Snapper),23 kg,350,56.7,160,,,
2025/2/4,Mulmul (Parrot Fish),17 kg,200,56.7,160,,,
2025/2/4,Samaral (Siganid),67 kg,220,56.7,160,,,
2025/2/4,Talakitok (Crevalle),91 kg,280,56.7,160,,,
2025/2/4,Tamban (Indian Sardines),"4,716 kg",100,56.7,160,,,
2025/2/4,Sting Ray,249 Kg,100,56.7,160,,,
2025/2/4,Tanguigue (Spanish Mackerel),279 Kg,300,56.7,160,,,
2025/2/4,Tulingan (Frigate Tuna),473 kg,350,56.7,160,,,
2025/2/5,Alumahan (Striped Mackerel),"1,205 kg",200,56.7,160,,,
2025/2/5,Bangus (Milk Fish),42 kg,200,56.7,160,,,
2025/2/5,Bariles (Yellow Fin Tuna),384 kg,250,56.7,160,,,
2025/2/5,Culisi (Nemipterid),"2,181 kg",123,56.7,160,,,
2025/2/5,Galunggong (Round Scad),975 kg,200,56.7,160,,,
2025/2/5,Gulyasan or puyan (Skipjack tuna),229 kg,200,56.7,160,,,
2025/2/5,Lapu-lapu (Grouper),73 kg,280,56.7,160,,,
2025/2/5,Malasugi (Blue Marlin),829 Kg,300,56.7,160,,,
2025/2/5,Matang Baka (Big-eyed Scads),"1,685 kg",250,56.7,160,,,
2025/2/5,Maya-maya (Snapper),23 kg,350,56.7,160,,,
2025/2/5,Mulmul (Parrot Fish),17 kg,200,56.7,160,,,
2025/2/5,Samaral (Siganid),67 kg,220,56.7,160,,,
2025/2/5,Talakitok (Crevalle),91 kg,280,56.7,160,,,
2025/2/5,Tamban (Indian Sardines),"4,716 kg",100,56.7,160,,,
2025/2/5,Sting Ray,249 Kg,100,56.7,160,,,
2025/2/5,Tanguigue (Spanish Mackerel),279 Kg,300,56.7,160,,,
2025/2/5,Tulingan (Frigate Tuna),473 kg,350,56.7,160,,,
2025/2/6,Alumahan (Striped Mackerel),"1,205 kg",210,56.7,160,,,
2025/2/6,Bangus (Milk Fish),42 kg,210,56.7,160,,,
2025/2/6,Bariles (Yellow Fin Tuna),384 kg,260,56.7,160,,,
2025/2/6,Culisi (Nemipterid),"2,181 kg",133,56.7,160,,,
2025/2/6,Galunggong (Round Scad),975 kg,210,56.7,160,,,
2025/2/6,Gulyasan or puyan (Skipjack tuna),229 kg,210,56.7,160,,,
2025/2/6,Lapu-lapu (Grouper),73 kg,290,56.7,160,,,
2025/2/6,Malasugi (Blue Marlin),829 Kg,310,56.7,160,,,
2025/2/6,Matang Baka (Big-eyed Scads),"1,685 kg",260,56.7,160,,,
2025/2/6,Maya-maya (Snapper),23 kg,360,56.7,160,,,
2025/2/6,Mulmul (Parrot Fish),17 kg,210,56.7,160,,,
2025/2/6,Samaral (Siganid),67 kg,230,56.7,160,,,
2025/2/6,Talakitok (Crevalle),91 kg,290,56.7,160,,,
2025/2/6,Tamban (Indian Sardines),"4,716 kg",110,56.7,160,,,
2025/2/6,Sting Ray,249 Kg,110,56.7,160,,,
2025/2/6,Tanguigue (Spanish Mackerel),279 Kg,310,56.7,160,,,
2025/2/6,Tulingan (Frigate Tuna),473 kg,360,56.7,160,,,
2025/2/7,Alumahan (Striped Mackerel),"1,205 kg",210,56.7,160,,,
2025/2/7,Bangus (Milk Fish),42 kg,210,56.7,160,,,
2025/2/7,Bariles (Yellow Fin Tuna),384 kg,260,56.7,160,,,
2025/2/7,Culisi (Nemipterid),"2,181 kg",133,56.7,160,,,
2025/2/7,Galunggong (Round Scad),975 kg,210,56.7,160,,,
2025/2/7,Gulyasan or puyan (Skipjack tuna),229 kg,210,56.7,160,,,
2025/2/7,Lapu-lapu (Grouper),73 kg,290,56.7,160,,,
2025/2/7,Malasugi (Blue Marlin),829 Kg,310,56.7,160,,,
2025/2/7,Matang Baka (Big-eyed Scads),"1,685 kg",260,56.7,160,,,
2025/2/7,Maya-maya (Snapper),23 kg,360,56.7,160,,,
2025/2/7,Mulmul (Parrot Fish),17 kg,210,56.7,160,,,
2025/2/7,Samaral (Siganid),67 kg,230,56.7,160,,,
2025/2/7,Talakitok (Crevalle),91 kg,290,56.7,160,,,
2025/2/7,Tamban (Indian Sardines),"4,716 kg",110,56.7,160,,,
2025/2/7,Sting Ray,249 Kg,110,56.7,160,,,
2025/2/7,Tanguigue (Spanish Mackerel),279 Kg,310,56.7,160,,,
2025/2/7,Tulingan (Frigate Tuna),473 kg,360,56.7,160,,,
2025/2/8,Alumahan (Striped Mackerel),"1,205 kg",210,56.7,160,,,
2025/2/8,Bangus (Milk Fish),42 kg,210,56.7,160,,,
2025/2/8,Bariles (Yellow Fin Tuna),384 kg,260,56.7,160,,,
2025/2/8,Culisi (Nemipterid),"2,181 kg",133,56.7,160,,,
2025/2/8,Galunggong (Round Scad),975 kg,210,56.7,160,,,
2025/2/8,Gulyasan or puyan (Skipjack tuna),229 kg,210,56.7,160,,,
2025/2/8,Lapu-lapu (Grouper),73 kg,290,56.7,160,,,
2025/2/8,Malasugi (Blue Marlin),829 Kg,310,56.7,160,,,
2025/2/8,Matang Baka (Big-eyed Scads),"1,685 kg",260,56.7,160,,,
2025/2/8,Maya-maya (Snapper),23 kg,360,56.7,160,,,
2025/2/8,Mulmul (Parrot Fish),17 kg,210,56.7,160,,,
2025/2/8,Samaral (Siganid),67 kg,230,56.7,160,,,
2025/2/8,Talakitok (Crevalle),91 kg,290,56.7,160,,,
2025/2/8,Tamban (Indian Sardines),"4,716 kg",110,56.7,160,,,
2025/2/8,Sting Ray,249 Kg,110,56.7,160,,,
2025/2/8,Tanguigue (Spanish Mackerel),279 Kg,310,56.7,160,,,
2025/2/8,Tulingan (Frigate Tuna),473 kg,360,56.7,160,,,
2025/2/9,Alumahan (Striped Mackerel),"1,205 kg",210,56.7,160,,,
2025/2/9,Bangus (Milk Fish),42 kg,210,56.7,160,,,
2025/2/9,Bariles (Yellow Fin Tuna),384 kg,260,56.7,160,,,
2025/2/9,Culisi (Nemipterid),"2,181 kg",133,56.7,160,,,
2025/2/9,Galunggong (Round Scad),975 kg,210,56.7,160,,,
2025/2/9,Gulyasan or puyan (Skipjack tuna),229 kg,210,56.7,160,,,
2025/2/9,Lapu-lapu (Grouper),73 kg,290,56.7,160,,,
2025/2/9,Malasugi (Blue Marlin),829 Kg,310,56.7,160,,,
2025/2/9,Matang Baka (Big-eyed Scads),"1,685 kg",260,56.7,160,,,
2025/2/9,Maya-maya (Snapper),23 kg,360,56.7,160,,,
2025/2/9,Mulmul (Parrot Fish),17 kg,210,56.7,160,,,
2025/2/9,Samaral (Siganid),67 kg,230,56.7,160,,,
2025/2/9,Talakitok (Crevalle),91 kg,290,56.7,160,,,
2025/2/9,Tamban (Indian Sardines),"4,716 kg",110,56.7,160,,,
2025/2/9,Sting Ray,249 Kg,110,56.7,160,,,
2025/2/9,Tanguigue (Spanish Mackerel),279 Kg,310,56.7,160,,,
2025/2/9,Tulingan (Frigate Tuna),473 kg,360,56.7,160,,,
2025/2/10,Alumahan (Striped Mackerel),"1,205 kg",210,56.7,160,,,
2025/2/10,Bangus (Milk Fish),42 kg,210,56.7,160,,,
2025/2/10,Bariles (Yellow Fin Tuna),384 kg,260,56.7,160,,,
2025/2/10,Culisi (Nemipterid),"2,181 kg",133,56.7,160,,,
2025/2/10,Galunggong (Round Scad),975 kg,210,56.7,160,,,
2025/2/10,Gulyasan or puyan (Skipjack tuna),229 kg,210,56.7,160,,,
2025/2/10,Lapu-lapu (Grouper),73 kg,290,56.7,160,,,
2025/2/10,Malasugi (Blue Marlin),829 Kg,310,56.7,160,,,
2025/2/10,Matang Baka (Big-eyed Scads),"1,685 kg",260,56.7,160,,,
2025/2/10,Maya-maya (Snapper),23 kg,360,56.7,160,,,
2025/2/10,Mulmul (Parrot Fish),17 kg,210,56.7,160,,,
2025/2/10,Samaral (Siganid),67 kg,230,56.7,160,,,
2025/2/10,Talakitok (Crevalle),91 kg,290,56.7,160,,,
2025/2/10,Tamban (Indian Sardines),"4,716 kg",110,56.7,160,,,
2025/2/10,Sting Ray,249 Kg,110,56.7,160,,,
2025/2/10,Tanguigue (Spanish Mackerel),279 Kg,310,56.7,160,,,
2025/2/10,Tulingan (Frigate Tuna),473 kg,360,56.7,160,,,
2025/2/11,Alumahan (Striped Mackerel),"1,205 kg",190,58.6,160,,,
2025/2/11,Bangus (Milk Fish),42 kg,190,58.6,160,,,
2025/2/11,Bariles (Yellow Fin Tuna),384 kg,240,58.6,160,,,
2025/2/11,Culisi (Nemipterid),"2,181 kg",113,58.6,160,,,
2025/2/11,Galunggong (Round Scad),975 kg,190,58.6,160,,,
2025/2/11,Gulyasan or puyan (Skipjack tuna),229 kg,190,58.6,160,,,
2025/2/11,Lapu-lapu (Grouper),73 kg,270,58.6,160,,,
2025/2/11,Malasugi (Blue Marlin),829 Kg,290,58.6,160,,,
2025/2/11,Matang Baka (Big-eyed Scads),"1,685 kg",240,58.6,160,,,
2025/2/11,Maya-maya (Snapper),23 kg,340,58.6,160,,,
2025/2/11,Mulmul (Parrot Fish),17 kg,190,58.6,160,,,
2025/2/11,Samaral (Siganid),67 kg,210,58.6,160,,,
2025/2/11,Talakitok (Crevalle),91 kg,270,58.6,160,,,
2025/2/11,Tamban (Indian Sardines),"4,716 kg",90,58.6,160,,,
2025/2/11,Sting Ray,249 Kg,90,58.6,160,,,
2025/2/11,Tanguigue (Spanish Mackerel),279 Kg,290,58.6,160,,,
2025/2/11,Tulingan (Frigate Tuna),473 kg,340,58.6,160,,,
2025/2/12,Alumahan (Striped Mackerel),"1,205 kg",190,58.6,160,,,
2025/2/12,Bangus (Milk Fish),42 kg,190,58.6,160,,,
2025/2/12,Bariles (Yellow Fin Tuna),384 kg,240,58.6,160,,,
2025/2/12,Culisi (Nemipterid),"2,181 kg",113,58.6,160,,,
2025/2/12,Galunggong (Round Scad),975 kg,190,58.6,160,,,
2025/2/12,Gulyasan or puyan (Skipjack tuna),229 kg,190,58.6,160,,,
2025/2/12,Lapu-lapu (Grouper),73 kg,270,58.6,160,,,
2025/2/12,Malasugi (Blue Marlin),829 Kg,290,58.6,160,,,
2025/2/12,Matang Baka (Big-eyed Scads),"1,685 kg",240,58.6,160,,,
2025/2/12,Maya-maya (Snapper),23 kg,340,58.6,160,,,
2025/2/12,Mulmul (Parrot Fish),17 kg,190,58.6,160,,,
2025/2/12,Samaral (Siganid),67 kg,210,58.6,160,,,
2025/2/12,Talakitok (Crevalle),91 kg,270,58.6,160,,,
2025/2/12,Tamban (Indian Sardines),"4,716 kg",90,58.6,160,,,
2025/2/12,Sting Ray,249 Kg,90,58.6,160,,,
2025/2/12,Tanguigue (Spanish Mackerel),279 Kg,290,58.6,160,,,
2025/2/12,Tulingan (Frigate Tuna),473 kg,340,58.6,160,,,
2025/2/13,Alumahan (Striped Mackerel),"1,205 kg",190,58.6,160,,,
2025/2/13,Bangus (Milk Fish),42 kg,190,58.6,160,,,
2025/2/13,Bariles (Yellow Fin Tuna),384 kg,240,58.6,160,,,
2025/2/13,Culisi (Nemipterid),"2,181 kg",113,58.6,160,,,
2025/2/13,Galunggong (Round Scad),975 kg,190,58.6,160,,,
2025/2/13,Gulyasan or puyan (Skipjack tuna),229 kg,190,58.6,160,,,
2025/2/13,Lapu-lapu (Grouper),73 kg,270,58.6,160,,,
2025/2/13,Malasugi (Blue Marlin),829 Kg,290,58.6,160,,,
2025/2/13,Matang Baka (Big-eyed Scads),"1,685 kg",240,58.6,160,,,
2025/2/13,Maya-maya (Snapper),23 kg,340,58.6,160,,,
2025/2/13,Mulmul (Parrot Fish),17 kg,190,58.6,160,,,
2025/2/13,Samaral (Siganid),67 kg,210,58.6,160,,,
2025/2/13,Talakitok (Crevalle),91 kg,270,58.6,160,,,
2025/2/13,Tamban (Indian Sardines),"4,716 kg",90,58.6,160,,,
2025/2/13,Sting Ray,249 Kg,90,58.6,160,,,
2025/2/13,Tanguigue (Spanish Mackerel),279 Kg,290,58.6,160,,,
2025/2/13,Tulingan (Frigate Tuna),473 kg,340,58.6,160,,,
2025/2/14,Alumahan (Striped Mackerel),"1,205 kg",190,58.6,160,,,
2025/2/14,Bangus (Milk Fish),42 kg,190,58.6,160,,,
2025/2/14,Bariles (Yellow Fin Tuna),384 kg,240,58.6,160,,,
2025/2/14,Culisi (Nemipterid),"2,181 kg",113,58.6,160,,,
2025/2/14,Galunggong (Round Scad),975 kg,190,58.6,160,,,
2025/2/14,Gulyasan or puyan (Skipjack tuna),229 kg,190,58.6,160,,,
2025/2/14,Lapu-lapu (Grouper),73 kg,270,58.6,160,,,
2025/2/14,Malasugi (Blue Marlin),829 Kg,290,58.6,160,,,
2025/2/14,Matang Baka (Big-eyed Scads),"1,685 kg",240,58.6,160,,,
2025/2/14,Maya-maya (Snapper),23 kg,340,58.6,160,,,
2025/2/14,Mulmul (Parrot Fish),17 kg,190,58.6,160,,,
2025/2/14,Samaral (Siganid),67 kg,210,58.6,160,,,
2025/2/14,Talakitok (Crevalle),91 kg,270,58.6,160,,,
2025/2/14,Tamban (Indian Sardines),"4,716 kg",90,58.6,160,,,
2025/2/14,Sting Ray,249 Kg,90,58.6,160,,,
2025/2/14,Tanguigue (Spanish Mackerel),279 Kg,290,58.6,160,,,
2025/2/14,Tulingan (Frigate Tuna),473 kg,340,58.6,160,,,
2025/2/15,Alumahan (Striped Mackerel),"1,205 kg",190,58.6,160,,,
2025/2/15,Bangus (Milk Fish),42 kg,190,58.6,160,,,
2025/2/15,Bariles (Yellow Fin Tuna),384 kg,240,58.6,160,,,
2025/2/15,Culisi (Nemipterid),"2,181 kg",113,58.6,160,,,
2025/2/15,Galunggong (Round Scad),975 kg,190,58.6,160,,,
2025/2/15,Gulyasan or puyan (Skipjack tuna),229 kg,190,58.6,160,,,
2025/2/15,Lapu-lapu (Grouper),73 kg,270,58.6,160,,,
2025/2/15,Malasugi (Blue Marlin),829 Kg,290,58.6,160,,,
2025/2/15,Matang Baka (Big-eyed Scads),"1,685 kg",240,58.6,160,,,
2025/2/15,Maya-maya (Snapper),23 kg,340,58.6,160,,,
2025/2/15,Mulmul (Parrot Fish),17 kg,190,58.6,160,,,
2025/2/15,Samaral (Siganid),67 kg,210,58.6,160,,,
2025/2/15,Talakitok (Crevalle),91 kg,270,58.6,160,,,
2025/2/15,Tamban (Indian Sardines),"4,716 kg",90,58.6,160,,,
2025/2/15,Sting Ray,249 Kg,90,58.6,160,,,
2025/2/15,Tanguigue (Spanish Mackerel),279 Kg,290,58.6,160,,,
2025/2/15,Tulingan (Frigate Tuna),473 kg,340,58.6,160,,,
2025/2/16,Alumahan (Striped Mackerel),"1,205 kg",200,58.6,160,,,
2025/2/16,Bangus (Milk Fish),42 kg,200,58.6,160,,,
2025/2/16,Bariles (Yellow Fin Tuna),384 kg,250,58.6,160,,,
2025/2/16,Culisi (Nemipterid),"2,181 kg",123,58.6,160,,,
2025/2/16,Galunggong (Round Scad),975 kg,200,58.6,160,,,
2025/2/16,Gulyasan or puyan (Skipjack tuna),229 kg,200,58.6,160,,,
2025/2/16,Lapu-lapu (Grouper),73 kg,280,58.6,160,,,
2025/2/16,Malasugi (Blue Marlin),829 Kg,300,58.6,160,,,
2025/2/16,Matang Baka (Big-eyed Scads),"1,685 kg",250,58.6,160,,,
2025/2/16,Maya-maya (Snapper),23 kg,350,58.6,160,,,
2025/2/16,Mulmul (Parrot Fish),17 kg,200,58.6,160,,,
2025/2/16,Samaral (Siganid),67 kg,220,58.6,160,,,
2025/2/16,Talakitok (Crevalle),91 kg,280,58.6,160,,,
2025/2/16,Tamban (Indian Sardines),"4,716 kg",100,58.6,160,,,
2025/2/16,Sting Ray,249 Kg,100,58.6,160,,,
2025/2/16,Tanguigue (Spanish Mackerel),279 Kg,300,58.6,160,,,
2025/2/16,Tulingan (Frigate Tuna),473 kg,350,58.6,160,,,
2025/2/17,Alumahan (Striped Mackerel),"1,205 kg",200,58.6,160,,,
2025/2/17,Bangus (Milk Fish),42 kg,200,58.6,160,,,
2025/2/17,Bariles (Yellow Fin Tuna),384 kg,250,58.6,160,,,
2025/2/17,Culisi (Nemipterid),"2,181 kg",123,58.6,160,,,
2025/2/17,Galunggong (Round Scad),975 kg,200,58.6,160,,,
2025/2/17,Gulyasan or puyan (Skipjack tuna),229 kg,200,58.6,160,,,
2025/2/17,Lapu-lapu (Grouper),73 kg,280,58.6,160,,,
2025/2/17,Malasugi (Blue Marlin),829 Kg,300,58.6,160,,,
2025/2/17,Matang Baka (Big-eyed Scads),"1,685 kg",250,58.6,160,,,
2025/2/17,Maya-maya (Snapper),23 kg,350,58.6,160,,,
2025/2/17,Mulmul (Parrot Fish),17 kg,200,58.6,160,,,
2025/2/17,Samaral (Siganid),67 kg,220,58.6,160,,,
2025/2/17,Talakitok (Crevalle),91 kg,280,58.6,160,,,
2025/2/17,Tamban (Indian Sardines),"4,716 kg",100,58.6,160,,,
2025/2/17,Sting Ray,249 Kg,100,58.6,160,,,
2025/2/17,Tanguigue (Spanish Mackerel),279 Kg,300,58.6,160,,,
2025/2/17,Tulingan (Frigate Tuna),473 kg,350,58.6,160,,,
2025/2/18,Alumahan (Striped Mackerel),"1,205 kg",200,57.4,160,,,
2025/2/18,Bangus (Milk Fish),42 kg,200,57.4,160,,,
2025/2/18,Bariles (Yellow Fin Tuna),384 kg,250,57.4,160,,,
2025/2/18,Culisi (Nemipterid),"2,181 kg",123,57.4,160,,,
2025/2/18,Galunggong (Round Scad),975 kg,200,57.4,160,,,
2025/2/18,Gulyasan or puyan (Skipjack tuna),229 kg,200,57.4,160,,,
2025/2/18,Lapu-lapu (Grouper),73 kg,280,57.4,160,,,
2025/2/18,Malasugi (Blue Marlin),829 Kg,300,57.4,160,,,
2025/2/18,Matang Baka (Big-eyed Scads),"1,685 kg",250,57.4,160,,,
2025/2/18,Maya-maya (Snapper),23 kg,350,57.4,160,,,
2025/2/18,Mulmul (Parrot Fish),17 kg,200,57.4,160,,,
2025/2/18,Samaral (Siganid),67 kg,220,57.4,160,,,
2025/2/18,Talakitok (Crevalle),91 kg,280,57.4,160,,,
2025/2/18,Tamban (Indian Sardines),"4,716 kg",100,57.4,160,,,
2025/2/18,Sting Ray,249 Kg,100,57.4,160,,,
2025/2/18,Tanguigue (Spanish Mackerel),279 Kg,300,57.4,160,,,
2025/2/18,Tulingan (Frigate Tuna),473 kg,350,57.4,160,,,
2025/2/19,Alumahan (Striped Mackerel),"1,205 kg",200,57.4,160,,,
2025/2/19,Bangus (Milk Fish),42 kg,200,57.4,160,,,
2025/2/19,Bariles (Yellow Fin Tuna),384 kg,250,57.4,160,,,
2025/2/19,Culisi (Nemipterid),"2,181 kg",123,57.4,160,,,
2025/2/19,Galunggong (Round Scad),975 kg,200,57.4,160,,,
2025/2/19,Gulyasan or puyan (Skipjack tuna),229 kg,200,57.4,160,,,
2025/2/19,Lapu-lapu (Grouper),73 kg,280,57.4,160,,,
2025/2/19,Malasugi (Blue Marlin),829 Kg,300,57.4,160,,,
2025/2/19,Matang Baka (Big-eyed Scads),"1,685 kg",250,57.4,160,,,
2025/2/19,Maya-maya (Snapper),23 kg,350,57.4,160,,,
2025/2/19,Mulmul (Parrot Fish),17 kg,200,57.4,160,,,
2025/2/19,Samaral (Siganid),67 kg,220,57.4,160,,,
2025/2/19,Talakitok (Crevalle),91 kg,280,57.4,160,,,
2025/2/19,Tamban (Indian Sardines),"4,716 kg",100,57.4,160,,,
2025/2/19,Sting Ray,249 Kg,100,57.4,160,,,
2025/2/19,Tanguigue (Spanish Mackerel),279 Kg,300,57.4,160,,,
2025/2/19,Tulingan (Frigate Tuna),473 kg,350,57.4,160,,,
2025/2/20,Alumahan (Striped Mackerel),"1,205 kg",200,57.4,160,,,
2025/2/20,Bangus (Milk Fish),42 kg,200,57.4,160,,,
2025/2/20,Bariles (Yellow Fin Tuna),384 kg,250,57.4,160,,,
2025/2/20,Culisi (Nemipterid),"2,181 kg",123,57.4,160,,,
2025/2/20,Galunggong (Round Scad),975 kg,200,57.4,160,,,
2025/2/20,Gulyasan or puyan (Skipjack tuna),229 kg,200,57.4,160,,,
2025/2/20,Lapu-lapu (Grouper),73 kg,280,57.4,160,,,
2025/2/20,Malasugi (Blue Marlin),829 Kg,300,57.4,160,,,
2025/2/20,Matang Baka (Big-eyed Scads),"1,685 kg",250,57.4,160,,,
2025/2/20,Maya-maya (Snapper),23 kg,350,57.4,160,,,
2025/2/20,Mulmul (Parrot Fish),17 kg,200,57.4,160,,,
2025/2/20,Samaral (Siganid),67 kg,220,57.4,160,,,
2025/2/20,Talakitok (Crevalle),91 kg,280,57.4,160,,,
2025/2/20,Tamban (Indian Sardines),"4,716 kg",100,57.4,160,,,
2025/2/20,Sting Ray,249 Kg,100,57.4,160,,,
2025/2/20,Tanguigue (Spanish Mackerel),279 Kg,300,57.4,160,,,
2025/2/20,Tulingan (Frigate Tuna),473 kg,350,57.4,160,,,
2025/2/21,Alumahan (Striped Mackerel),"1,205 kg",210,57.4,160,,,
2025/2/21,Bangus (Milk Fish),42 kg,210,57.4,160,,,
2025/2/21,Bariles (Yellow Fin Tuna),384 kg,260,57.4,160,,,
2025/2/21,Culisi (Nemipterid),"2,181 kg",133,57.4,160,,,
2025/2/21,Galunggong (Round Scad),975 kg,210,57.4,160,,,
2025/2/21,Gulyasan or puyan (Skipjack tuna),229 kg,210,57.4,160,,,
2025/2/21,Lapu-lapu (Grouper),73 kg,290,57.4,160,,,
2025/2/21,Malasugi (Blue Marlin),829 Kg,310,57.4,160,,,
2025/2/21,Matang Baka (Big-eyed Scads),"1,685 kg",260,57.4,160,,,
2025/2/21,Maya-maya (Snapper),23 kg,360,57.4,160,,,
2025/2/21,Mulmul (Parrot Fish),17 kg,210,57.4,160,,,
2025/2/21,Samaral (Siganid),67 kg,230,57.4,160,,,
2025/2/21,Talakitok (Crevalle),91 kg,290,57.4,160,,,
2025/2/21,Tamban (Indian Sardines),"4,716 kg",110,57.4,160,,,
2025/2/21,Sting Ray,249 Kg,110,57.4,160,,,
2025/2/21,Tanguigue (Spanish Mackerel),279 Kg,310,57.4,160,,,
2025/2/21,Tulingan (Frigate Tuna),473 kg,360,57.4,160,,,
2025/2/22,Alumahan (Striped Mackerel),"1,205 kg",210,57.4,160,,,
2025/2/22,Bangus (Milk Fish),42 kg,210,57.4,160,,,
2025/2/22,Bariles (Yellow Fin Tuna),384 kg,260,57.4,160,,,
2025/2/22,Culisi (Nemipterid),"2,181 kg",133,57.4,160,,,
2025/2/22,Galunggong (Round Scad),975 kg,210,57.4,160,,,
2025/2/22,Gulyasan or puyan (Skipjack tuna),229 kg,210,57.4,160,,,
2025/2/22,Lapu-lapu (Grouper),73 kg,290,57.4,160,,,
2025/2/22,Malasugi (Blue Marlin),829 Kg,310,57.4,160,,,
2025/2/22,Matang Baka (Big-eyed Scads),"1,685 kg",260,57.4,160,,,
2025/2/22,Maya-maya (Snapper),23 kg,360,57.4,160,,,
2025/2/22,Mulmul (Parrot Fish),17 kg,210,57.4,160,,,
2025/2/22,Samaral (Siganid),67 kg,230,57.4,160,,,
2025/2/22,Talakitok (Crevalle),91 kg,290,57.4,160,,,
2025/2/22,Tamban (Indian Sardines),"4,716 kg",110,57.4,160,,,
2025/2/22,Sting Ray,249 Kg,110,57.4,160,,,
2025/2/22,Tanguigue (Spanish Mackerel),279 Kg,310,57.4,160,,,
2025/2/22,Tulingan (Frigate Tuna),473 kg,360,57.4,160,,,
2025/2/23,Alumahan (Striped Mackerel),"1,205 kg",210,57.4,160,,,
2025/2/23,Bangus (Milk Fish),42 kg,210,57.4,160,,,
2025/2/23,Bariles (Yellow Fin Tuna),384 kg,260,57.4,160,,,
2025/2/23,Culisi (Nemipterid),"2,181 kg",133,57.4,160,,,
2025/2/23,Galunggong (Round Scad),975 kg,210,57.4,160,,,
2025/2/23,Gulyasan or puyan (Skipjack tuna),229 kg,210,57.4,160,,,
2025/2/23,Lapu-lapu (Grouper),73 kg,290,57.4,160,,,
2025/2/23,Malasugi (Blue Marlin),829 Kg,310,57.4,160,,,
2025/2/23,Matang Baka (Big-eyed Scads),"1,685 kg",260,57.4,160,,,
2025/2/23,Maya-maya (Snapper),23 kg,360,57.4,160,,,
2025/2/23,Mulmul (Parrot Fish),17 kg,210,57.4,160,,,
2025/2/23,Samaral (Siganid),67 kg,230,57.4,160,,,
2025/2/23,Talakitok (Crevalle),91 kg,290,57.4,160,,,
2025/2/23,Tamban (Indian Sardines),"4,716 kg",110,57.4,160,,,
2025/2/23,Sting Ray,249 Kg,110,57.4,160,,,
2025/2/23,Tanguigue (Spanish Mackerel),279 Kg,310,57.4,160,,,
2025/2/23,Tulingan (Frigate Tuna),473 kg,360,57.4,160,,,
2025/2/24,Alumahan (Striped Mackerel),"1,205 kg",210,57.4,160,,,
2025/2/24,Bangus (Milk Fish),42 kg,210,57.4,160,,,
2025/2/24,Bariles (Yellow Fin Tuna),384 kg,260,57.4,160,,,
2025/2/24,Culisi (Nemipterid),"2,181 kg",133,57.4,160,,,
2025/2/24,Galunggong (Round Scad),975 kg,210,57.4,160,,,
2025/2/24,Gulyasan or puyan (Skipjack tuna),229 kg,210,57.4,160,,,
2025/2/24,Lapu-lapu (Grouper),73 kg,290,57.4,160,,,
2025/2/24,Malasugi (Blue Marlin),829 Kg,310,57.4,160,,,
2025/2/24,Matang Baka (Big-eyed Scads),"1,685 kg",260,57.4,160,,,
2025/2/24,Maya-maya (Snapper),23 kg,360,57.4,160,,,
2025/2/24,Mulmul (Parrot Fish),17 kg,210,57.4,160,,,
2025/2/24,Samaral (Siganid),67 kg,230,57.4,160,,,
2025/2/24,Talakitok (Crevalle),91 kg,290,57.4,160,,,
2025/2/24,Tamban (Indian Sardines),"4,716 kg",110,57.4,160,,,
2025/2/24,Sting Ray,249 Kg,110,57.4,160,,,
2025/2/24,Tanguigue (Spanish Mackerel),279 Kg,310,57.4,160,,,
2025/2/24,Tulingan (Frigate Tuna),473 kg,360,57.4,160,,,
2025/2/25,Alumahan (Striped Mackerel),"1,205 kg",210,57.8,160,,,
2025/2/25,Bangus (Milk Fish),42 kg,210,57.8,160,,,
2025/2/25,Bariles (Yellow Fin Tuna),384 kg,260,57.8,160,,,
2025/2/25,Culisi (Nemipterid),"2,181 kg",133,57.8,160,,,
2025/2/25,Galunggong (Round Scad),975 kg,210,57.8,160,,,
2025/2/25,Gulyasan or puyan (Skipjack tuna),229 kg,210,57.8,160,,,
2025/2/25,Lapu-lapu (Grouper),73 kg,290,57.8,160,,,
2025/2/25,Malasugi (Blue Marlin),829 Kg,310,57.8,160,,,
2025/2/25,Matang Baka (Big-eyed Scads),"1,685 kg",260,57.8,160,,,
2025/2/25,Maya-maya (Snapper),23 kg,360,57.8,160,,,
2025/2/25,Mulmul (Parrot Fish),17 kg,210,57.8,160,,,
2025/2/25,Samaral (Siganid),67 kg,230,57.8,160,,,
2025/2/25,Talakitok (Crevalle),91 kg,290,57.8,160,,,
2025/2/25,Tamban (Indian Sardines),"4,716 kg",110,57.8,160,,,
2025/2/25,Sting Ray,249 Kg,110,57.8,160,,,
2025/2/25,Tanguigue (Spanish Mackerel),279 Kg,310,57.8,160,,,
2025/2/25,Tulingan (Frigate Tuna),473 kg,360,57.8,160,,,
2025/2/26,Alumahan (Striped Mackerel),"1,205 kg",190,57.8,160,,,
2025/2/26,Bangus (Milk Fish),42 kg,190,57.8,160,,,
2025/2/26,Bariles (Yellow Fin Tuna),384 kg,240,57.8,160,,,
2025/2/26,Culisi (Nemipterid),"2,181 kg",113,57.8,160,,,
2025/2/26,Galunggong (Round Scad),975 kg,190,57.8,160,,,
2025/2/26,Gulyasan or puyan (Skipjack tuna),229 kg,190,57.8,160,,,
2025/2/26,Lapu-lapu (Grouper),73 kg,270,57.8,160,,,
2025/2/26,Malasugi (Blue Marlin),829 Kg,290,57.8,160,,,
2025/2/26,Matang Baka (Big-eyed Scads),"1,685 kg",240,57.8,160,,,
2025/2/26,Maya-maya (Snapper),23 kg,340,57.8,160,,,
2025/2/26,Mulmul (Parrot Fish),17 kg,190,57.8,160,,,
2025/2/26,Samaral (Siganid),67 kg,210,57.8,160,,,
2025/2/26,Talakitok (Crevalle),91 kg,270,57.8,160,,,
2025/2/26,Tamban (Indian Sardines),"4,716 kg",90,57.8,160,,,
2025/2/26,Sting Ray,249 Kg,90,57.8,160,,,
2025/2/26,Tanguigue (Spanish Mackerel),279 Kg,290,57.8,160,,,
2025/2/26,Tulingan (Frigate Tuna),473 kg,340,57.8,160,,,
2025/2/27,Alumahan (Striped Mackerel),"1,205 kg",190,57.8,160,,,
2025/2/27,Bangus (Milk Fish),42 kg,190,57.8,160,,,
2025/2/27,Bariles (Yellow Fin Tuna),384 kg,240,57.8,160,,,
2025/2/27,Culisi (Nemipterid),"2,181 kg",113,57.8,160,,,
2025/2/27,Galunggong (Round Scad),975 kg,190,57.8,160,,,
2025/2/27,Gulyasan or puyan (Skipjack tuna),229 kg,190,57.8,160,,,
2025/2/27,Lapu-lapu (Grouper),73 kg,270,57.8,160,,,
2025/2/27,Malasugi (Blue Marlin),829 Kg,290,57.8,160,,,
2025/2/27,Matang Baka (Big-eyed Scads),"1,685 kg",240,57.8,160,,,
2025/2/27,Maya-maya (Snapper),23 kg,340,57.8,160,,,
2025/2/27,Mulmul (Parrot Fish),17 kg,190,57.8,160,,,
2025/2/27,Samaral (Siganid),67 kg,210,57.8,160,,,
2025/2/27,Talakitok (Crevalle),91 kg,270,57.8,160,,,
2025/2/27,Tamban (Indian Sardines),"4,716 kg",90,57.8,160,,,
2025/2/27,Sting Ray,249 Kg,90,57.8,160,,,
2025/2/27,Tanguigue (Spanish Mackerel),279 Kg,290,57.8,160,,,
2025/2/27,Tulingan (Frigate Tuna),473 kg,340,57.8,160,,,
2025/2/28,Alumahan (Striped Mackerel),"1,205 kg",190,57.8,160,,,
2025/2/28,Bangus (Milk Fish),42 kg,190,57.8,160,,,
2025/2/28,Bariles (Yellow Fin Tuna),384 kg,240,57.8,160,,,
2025/2/28,Culisi (Nemipterid),"2,181 kg",113,57.8,160,,,
2025/2/28,Galunggong (Round Scad),975 kg,190,57.8,160,,,
2025/2/28,Gulyasan or puyan (Skipjack tuna),229 kg,190,57.8,160,,,
2025/2/28,Lapu-lapu (Grouper),73 kg,270,57.8,160,,,
2025/2/28,Malasugi (Blue Marlin),829 Kg,290,57.8,160,,,
2025/2/28,Matang Baka (Big-eyed Scads),"1,685 kg",240,57.8,160,,,
2025/2/28,Maya-maya (Snapper),23 kg,340,57.8,160,,,
2025/2/28,Mulmul (Parrot Fish),17 kg,190,57.8,160,,,
2025/2/28,Samaral (Siganid),67 kg,210,57.8,160,,,
2025/2/28,Talakitok (Crevalle),91 kg,270,57.8,160,,,
2025/2/28,Tamban (Indian Sardines),"4,716 kg",90,57.8,160,,,
2025/2/28,Sting Ray,249 Kg,90,57.8,160,,,
2025/2/28,Tanguigue (Spanish Mackerel),279 Kg,290,57.8,160,,,
2025/2/28,Tulingan (Frigate Tuna),473 kg,340,57.8,160,,,
2025/3/1,Alumahan (Striped Mackerel),"1,205 kg",200,57.8,160,,,
2025/3/1,Bangus (Milk Fish),42 kg,200,57.8,160,,,
2025/3/1,Bariles (Yellow Fin Tuna),384 kg,250,57.8,160,,,
2025/3/1,Culisi (Nemipterid),"2,181 kg",123,57.8,160,,,
2025/3/1,Galunggong (Round Scad),975 kg,200,57.8,160,,,
2025/3/1,Gulyasan or puyan (Skipjack tuna),229 kg,200,57.8,160,,,
2025/3/1,Lapu-lapu (Grouper),73 kg,280,57.8,160,,,
2025/3/1,Malasugi (Blue Marlin),829 Kg,300,57.8,160,,,
2025/3/1,Matang Baka (Big-eyed Scads),"1,685 kg",250,57.8,160,,,
2025/3/1,Maya-maya (Snapper),23 kg,350,57.8,160,,,
2025/3/1,Mulmul (Parrot Fish),17 kg,200,57.8,160,,,
2025/3/1,Samaral (Siganid),67 kg,220,57.8,160,,,
2025/3/1,Talakitok (Crevalle),91 kg,280,57.8,160,,,
2025/3/1,Tamban (Indian Sardines),"4,716 kg",100,57.8,160,,,
2025/3/1,Sting Ray,249 Kg,100,57.8,160,,,
2025/3/1,Tanguigue (Spanish Mackerel),279 Kg,300,57.8,160,,,
2025/3/1,Tulingan (Frigate Tuna),473 kg,350,57.8,160,,,
2025/3/2,Alumahan (Striped Mackerel),"1,205 kg",200,57.8,160,,,
2025/3/2,Bangus (Milk Fish),42 kg,200,57.8,160,,,
2025/3/2,Bariles (Yellow Fin Tuna),384 kg,250,57.8,160,,,
2025/3/2,Culisi (Nemipterid),"2,181 kg",123,57.8,160,,,
2025/3/2,Galunggong (Round Scad),975 kg,200,57.8,160,,,
2025/3/2,Gulyasan or puyan (Skipjack tuna),229 kg,200,57.8,160,,,
2025/3/2,Lapu-lapu (Grouper),73 kg,280,57.8,160,,,
2025/3/2,Malasugi (Blue Marlin),829 Kg,300,57.8,160,,,
2025/3/2,Matang Baka (Big-eyed Scads),"1,685 kg",250,57.8,160,,,
2025/3/2,Maya-maya (Snapper),23 kg,350,57.8,160,,,
2025/3/2,Mulmul (Parrot Fish),17 kg,200,57.8,160,,,
2025/3/2,Samaral (Siganid),67 kg,220,57.8,160,,,
2025/3/2,Talakitok (Crevalle),91 kg,280,57.8,160,,,
2025/3/2,Tamban (Indian Sardines),"4,716 kg",100,57.8,160,,,
2025/3/2,Sting Ray,249 Kg,100,57.8,160,,,
2025/3/2,Tanguigue (Spanish Mackerel),279 Kg,300,57.8,160,,,
2025/3/2,Tulingan (Frigate Tuna),473 kg,350,57.8,160,,,
2025/3/3,Alumahan (Striped Mackerel),"1,205 kg",200,57.8,160,,,
2025/3/3,Bangus (Milk Fish),42 kg,200,57.8,160,,,
2025/3/3,Bariles (Yellow Fin Tuna),384 kg,250,57.8,160,,,
2025/3/3,Culisi (Nemipterid),"2,181 kg",123,57.8,160,,,
2025/3/3,Galunggong (Round Scad),975 kg,200,57.8,160,,,
2025/3/3,Gulyasan or puyan (Skipjack tuna),229 kg,200,57.8,160,,,
2025/3/3,Lapu-lapu (Grouper),73 kg,280,57.8,160,,,
2025/3/3,Malasugi (Blue Marlin),829 Kg,300,57.8,160,,,
2025/3/3,Matang Baka (Big-eyed Scads),"1,685 kg",250,57.8,160,,,
2025/3/3,Maya-maya (Snapper),23 kg,350,57.8,160,,,
2025/3/3,Mulmul (Parrot Fish),17 kg,200,57.8,160,,,
2025/3/3,Samaral (Siganid),67 kg,220,57.8,160,,,
2025/3/3,Talakitok (Crevalle),91 kg,280,57.8,160,,,
2025/3/3,Tamban (Indian Sardines),"4,716 kg",100,57.8,160,,,
2025/3/3,Sting Ray,249 Kg,100,57.8,160,,,
2025/3/3,Tanguigue (Spanish Mackerel),279 Kg,300,57.8,160,,,
2025/3/3,Tulingan (Frigate Tuna),473 kg,350,57.8,160,,,
2025/3/4,Alumahan (Striped Mackerel),"1,205 kg",200,55.65,160,,,
2025/3/4,Bangus (Milk Fish),42 kg,200,55.65,160,,,
2025/3/4,Bariles (Yellow Fin Tuna),384 kg,250,55.65,160,,,
2025/3/4,Culisi (Nemipterid),"2,181 kg",123,55.65,160,,,
2025/3/4,Galunggong (Round Scad),975 kg,200,55.65,160,,,
2025/3/4,Gulyasan or puyan (Skipjack tuna),229 kg,200,55.65,160,,,
2025/3/4,Lapu-lapu (Grouper),73 kg,280,55.65,160,,,
2025/3/4,Malasugi (Blue Marlin),829 Kg,300,55.65,160,,,
2025/3/4,Matang Baka (Big-eyed Scads),"1,685 kg",250,55.65,160,,,
2025/3/4,Maya-maya (Snapper),23 kg,350,55.65,160,,,
2025/3/4,Mulmul (Parrot Fish),17 kg,200,55.65,160,,,
2025/3/4,Samaral (Siganid),67 kg,220,55.65,160,,,
2025/3/4,Talakitok (Crevalle),91 kg,280,55.65,160,,,
2025/3/4,Tamban (Indian Sardines),"4,716 kg",100,55.65,160,,,
2025/3/4,Sting Ray,249 Kg,100,55.65,160,,,
2025/3/4,Tanguigue (Spanish Mackerel),279 Kg,300,55.65,160,,,
2025/3/4,Tulingan (Frigate Tuna),473 kg,350,55.65,160,,,
2025/3/5,Alumahan (Striped Mackerel),"1,205 kg",200,55.65,160,,,
2025/3/5,Bangus (Milk Fish),42 kg,200,55.65,160,,,
2025/3/5,Bariles (Yellow Fin Tuna),384 kg,250,55.65,160,,,
2025/3/5,Culisi (Nemipterid),"2,181 kg",123,55.65,160,,,
2025/3/5,Galunggong (Round Scad),975 kg,200,55.65,160,,,
2025/3/5,Gulyasan or puyan (Skipjack tuna),229 kg,200,55.65,160,,,
2025/3/5,Lapu-lapu (Grouper),73 kg,280,55.65,160,,,
2025/3/5,Malasugi (Blue Marlin),829 Kg,300,55.65,160,,,
2025/3/5,Matang Baka (Big-eyed Scads),"1,685 kg",250,55.65,160,,,
2025/3/5,Maya-maya (Snapper),23 kg,350,55.65,160,,,
2025/3/5,Mulmul (Parrot Fish),17 kg,200,55.65,160,,,
2025/3/5,Samaral (Siganid),67 kg,220,55.65,160,,,
2025/3/5,Talakitok (Crevalle),91 kg,280,55.65,160,,,
2025/3/5,Tamban (Indian Sardines),"4,716 kg",100,55.65,160,,,
2025/3/5,Sting Ray,249 Kg,100,55.65,160,,,
2025/3/5,Tanguigue (Spanish Mackerel),279 Kg,300,55.65,160,,,
2025/3/5,Tulingan (Frigate Tuna),473 kg,350,55.65,160,,,
2025/3/6,Alumahan (Striped Mackerel),"1,205 kg",210,55.65,160,,,
2025/3/6,Bangus (Milk Fish),42 kg,210,55.65,160,,,
2025/3/6,Bariles (Yellow Fin Tuna),384 kg,260,55.65,160,,,
2025/3/6,Culisi (Nemipterid),"2,181 kg",133,55.65,160,,,
2025/3/6,Galunggong (Round Scad),975 kg,210,55.65,160,,,
2025/3/6,Gulyasan or puyan (Skipjack tuna),229 kg,210,55.65,160,,,
2025/3/6,Lapu-lapu (Grouper),73 kg,290,55.65,160,,,
2025/3/6,Malasugi (Blue Marlin),829 Kg,310,55.65,160,,,
2025/3/6,Matang Baka (Big-eyed Scads),"1,685 kg",260,55.65,160,,,
2025/3/6,Maya-maya (Snapper),23 kg,360,55.65,160,,,
2025/3/6,Mulmul (Parrot Fish),17 kg,210,55.65,160,,,
2025/3/6,Samaral (Siganid),67 kg,230,55.65,160,,,
2025/3/6,Talakitok (Crevalle),91 kg,290,55.65,160,,,
2025/3/6,Tamban (Indian Sardines),"4,716 kg",110,55.65,160,,,
2025/3/6,Sting Ray,249 Kg,110,55.65,160,,,
2025/3/6,Tanguigue (Spanish Mackerel),279 Kg,310,55.65,160,,,
2025/3/6,Tulingan (Frigate Tuna),473 kg,360,55.65,160,,,
2025/3/7,Alumahan (Striped Mackerel),"1,205 kg",210,55.65,160,,,
2025/3/7,Bangus (Milk Fish),42 kg,210,55.65,160,,,
2025/3/7,Bariles (Yellow Fin Tuna),384 kg,260,55.65,160,,,
2025/3/7,Culisi (Nemipterid),"2,181 kg",133,55.65,160,,,
2025/3/7,Galunggong (Round Scad),975 kg,210,55.65,160,,,
2025/3/7,Gulyasan or puyan (Skipjack tuna),229 kg,210,55.65,160,,,
2025/3/7,Lapu-lapu (Grouper),73 kg,290,55.65,160,,,
2025/3/7,Malasugi (Blue Marlin),829 Kg,310,55.65,160,,,
2025/3/7,Matang Baka (Big-eyed Scads),"1,685 kg",260,55.65,160,,,
2025/3/7,Maya-maya (Snapper),23 kg,360,55.65,160,,,
2025/3/7,Mulmul (Parrot Fish),17 kg,210,55.65,160,,,
2025/3/7,Samaral (Siganid),67 kg,230,55.65,160,,,
2025/3/7,Talakitok (Crevalle),91 kg,290,55.65,160,,,
2025/3/7,Tamban (Indian Sardines),"4,716 kg",110,55.65,160,,,
2025/3/7,Sting Ray,249 Kg,110,55.65,160,,,
2025/3/7,Tanguigue (Spanish Mackerel),279 Kg,310,55.65,160,,,
2025/3/7,Tulingan (Frigate Tuna),473 kg,360,55.65,160,,,
2025/3/8,Alumahan (Striped Mackerel),"1,205 kg",210,55.65,160,,,
2025/3/8,Bangus (Milk Fish),42 kg,210,55.65,160,,,
2025/3/8,Bariles (Yellow Fin Tuna),384 kg,260,55.65,160,,,
2025/3/8,Culisi (Nemipterid),"2,181 kg",133,55.65,160,,,
2025/3/8,Galunggong (Round Scad),975 kg,210,55.65,160,,,
2025/3/8,Gulyasan or puyan (Skipjack tuna),229 kg,210,55.65,160,,,
2025/3/8,Lapu-lapu (Grouper),73 kg,290,55.65,160,,,
2025/3/8,Malasugi (Blue Marlin),829 Kg,310,55.65,160,,,
2025/3/8,Matang Baka (Big-eyed Scads),"1,685 kg",260,55.65,160,,,
2025/3/8,Maya-maya (Snapper),23 kg,360,55.65,160,,,
2025/3/8,Mulmul (Parrot Fish),17 kg,210,55.65,160,,,
2025/3/8,Samaral (Siganid),67 kg,230,55.65,160,,,
2025/3/8,Talakitok (Crevalle),91 kg,290,55.65,160,,,
2025/3/8,Tamban (Indian Sardines),"4,716 kg",110,55.65,160,,,
2025/3/8,Sting Ray,249 Kg,110,55.65,160,,,
2025/3/8,Tanguigue (Spanish Mackerel),279 Kg,310,55.65,160,,,
2025/3/8,Tulingan (Frigate Tuna),473 kg,360,55.65,160,,,
2025/3/9,Alumahan (Striped Mackerel),"1,205 kg",210,55.65,160,,,
2024/3/9,Bangus (Milk Fish),42 kg,210,55.65,160,,,
2024/3/9,Bariles (Yellow Fin Tuna),384 kg,260,55.65,160,,,
2024/3/9,Culisi (Nemipterid),"2,181 kg",133,55.65,160,,,
2024/3/9,Galunggong (Round Scad),975 kg,210,55.65,160,,,
2024/3/9,Gulyasan or puyan (Skipjack tuna),229 kg,210,55.65,160,,,
2024/3/9,Lapu-lapu (Grouper),73 kg,290,55.65,160,,,
2024/3/9,Malasugi (Blue Marlin),829 Kg,310,55.65,160,,,
2024/3/9,Matang Baka (Big-eyed Scads),"1,685 kg",260,55.65,160,,,
2024/3/9,Maya-maya (Snapper),23 kg,360,55.65,160,,,
2024/3/9,Mulmul (Parrot Fish),17 kg,210,55.65,160,,,
2024/3/9,Samaral (Siganid),67 kg,230,55.65,160,,,
2024/3/9,Talakitok (Crevalle),91 kg,290,55.65,160,,,
2024/3/9,Tamban (Indian Sardines),"4,716 kg",110,55.65,160,,,
2024/3/9,Sting Ray,249 Kg,110,55.65,160,,,
2024/3/9,Tanguigue (Spanish Mackerel),279 Kg,310,55.65,160,,,
2024/3/9,Tulingan (Frigate Tuna),473 kg,360,55.65,160,,,
2025/3/10,Alumahan (Striped Mackerel),"1,205 kg",210,55.65,160,,,
2025/3/10,Bangus (Milk Fish),42 kg,210,55.65,160,,,
2025/3/10,Bariles (Yellow Fin Tuna),384 kg,260,55.65,160,,,
2025/3/10,Culisi (Nemipterid),"2,181 kg",133,55.65,160,,,
2025/3/10,Galunggong (Round Scad),975 kg,210,55.65,160,,,
2025/3/10,Gulyasan or puyan (Skipjack tuna),229 kg,210,55.65,160,,,
2025/3/10,Lapu-lapu (Grouper),73 kg,290,55.65,160,,,
2025/3/10,Malasugi (Blue Marlin),829 Kg,310,55.65,160,,,
2025/3/10,Matang Baka (Big-eyed Scads),"1,685 kg",260,55.65,160,,,
2025/3/10,Maya-maya (Snapper),23 kg,360,55.65,160,,,
2025/3/10,Mulmul (Parrot Fish),17 kg,210,55.65,160,,,
2025/3/10,Samaral (Siganid),67 kg,230,55.65,160,,,
2025/3/10,Talakitok (Crevalle),91 kg,290,55.65,160,,,
2025/3/10,Tamban (Indian Sardines),"4,716 kg",110,55.65,160,,,
2025/3/10,Sting Ray,249 Kg,110,55.65,160,,,
2025/3/10,Tanguigue (Spanish Mackerel),279 Kg,310,55.65,160,,,
2025/3/10,Tulingan (Frigate Tuna),473 kg,360,55.65,160,,,
2025/3/11,Alumahan (Striped Mackerel),"1,205 kg",190,54.75,160,,,
2025/3/11,Bangus (Milk Fish),42 kg,190,54.75,160,,,
2025/3/11,Bariles (Yellow Fin Tuna),384 kg,240,54.75,160,,,
2025/3/11,Culisi (Nemipterid),"2,181 kg",113,54.75,160,,,
2025/3/11,Galunggong (Round Scad),975 kg,190,54.75,160,,,
2025/3/11,Gulyasan or puyan (Skipjack tuna),229 kg,190,54.75,160,,,
2025/3/11,Lapu-lapu (Grouper),73 kg,270,54.75,160,,,
2025/3/11,Malasugi (Blue Marlin),829 Kg,290,54.75,160,,,
2025/3/11,Matang Baka (Big-eyed Scads),"1,685 kg",240,54.75,160,,,
2025/3/11,Maya-maya (Snapper),23 kg,340,54.75,160,,,
2025/3/11,Mulmul (Parrot Fish),17 kg,190,54.75,160,,,
2025/3/11,Samaral (Siganid),67 kg,210,54.75,160,,,
2025/3/11,Talakitok (Crevalle),91 kg,270,54.75,160,,,
2025/3/11,Tamban (Indian Sardines),"4,716 kg",90,54.75,160,,,
2025/3/11,Sting Ray,249 Kg,90,54.75,160,,,
2025/3/11,Tanguigue (Spanish Mackerel),279 Kg,290,54.75,160,,,
2025/3/11,Tulingan (Frigate Tuna),473 kg,340,54.75,160,,,
2025/3/12,Alumahan (Striped Mackerel),"1,205 kg",190,54.75,160,,,
2025/3/12,Bangus (Milk Fish),42 kg,190,54.75,160,,,
2025/3/12,Bariles (Yellow Fin Tuna),384 kg,240,54.75,160,,,
2025/3/12,Culisi (Nemipterid),"2,181 kg",113,54.75,160,,,
2025/3/12,Galunggong (Round Scad),975 kg,190,54.75,160,,,
2025/3/12,Gulyasan or puyan (Skipjack tuna),229 kg,190,54.75,160,,,
2025/3/12,Lapu-lapu (Grouper),73 kg,270,54.75,160,,,
2025/3/12,Malasugi (Blue Marlin),829 Kg,290,54.75,160,,,
2025/3/12,Matang Baka (Big-eyed Scads),"1,685 kg",240,54.75,160,,,
2025/3/12,Maya-maya (Snapper),23 kg,340,54.75,160,,,
2025/3/12,Mulmul (Parrot Fish),17 kg,190,54.75,160,,,
2025/3/12,Samaral (Siganid),67 kg,210,54.75,160,,,
2025/3/12,Talakitok (Crevalle),91 kg,270,54.75,160,,,
2025/3/12,Tamban (Indian Sardines),"4,716 kg",90,54.75,160,,,
2025/3/12,Sting Ray,249 Kg,90,54.75,160,,,
2025/3/12,Tanguigue (Spanish Mackerel),279 Kg,290,54.75,160,,,
2025/3/12,Tulingan (Frigate Tuna),473 kg,340,54.75,160,,,
2025/3/13,Alumahan (Striped Mackerel),"1,205 kg",190,54.75,160,,,
2025/3/13,Bangus (Milk Fish),42 kg,190,54.75,160,,,
2025/3/13,Bariles (Yellow Fin Tuna),384 kg,240,54.75,160,,,
2025/3/13,Culisi (Nemipterid),"2,181 kg",113,54.75,160,,,
2025/3/13,Galunggong (Round Scad),975 kg,190,54.75,160,,,
2025/3/13,Gulyasan or puyan (Skipjack tuna),229 kg,190,54.75,160,,,
2025/3/13,Lapu-lapu (Grouper),73 kg,270,54.75,160,,,
2025/3/13,Malasugi (Blue Marlin),829 Kg,290,54.75,160,,,
2025/3/13,Matang Baka (Big-eyed Scads),"1,685 kg",240,54.75,160,,,
2025/3/13,Maya-maya (Snapper),23 kg,340,54.75,160,,,
2025/3/13,Mulmul (Parrot Fish),17 kg,190,54.75,160,,,
2025/3/13,Samaral (Siganid),67 kg,210,54.75,160,,,
2025/3/13,Talakitok (Crevalle),91 kg,270,54.75,160,,,
2025/3/13,Tamban (Indian Sardines),"4,716 kg",90,54.75,160,,,
2025/3/13,Sting Ray,249 Kg,90,54.75,160,,,
2025/3/13,Tanguigue (Spanish Mackerel),279 Kg,290,54.75,160,,,
2025/3/13,Tulingan (Frigate Tuna),473 kg,340,54.75,160,,,
2025/3/14,Alumahan (Striped Mackerel),"1,205 kg",190,54.75,160,,,
2025/3/14,Bangus (Milk Fish),42 kg,190,54.75,160,,,
2025/3/14,Bariles (Yellow Fin Tuna),384 kg,240,54.75,160,,,
2025/3/14,Culisi (Nemipterid),"2,181 kg",113,54.75,160,,,
2025/3/14,Galunggong (Round Scad),975 kg,190,54.75,160,,,
2025/3/14,Gulyasan or puyan (Skipjack tuna),229 kg,190,54.75,160,,,
2025/3/14,Lapu-lapu (Grouper),73 kg,270,54.75,160,,,
2025/3/14,Malasugi (Blue Marlin),829 Kg,290,54.75,160,,,
2025/3/14,Matang Baka (Big-eyed Scads),"1,685 kg",240,54.75,160,,,
2025/3/14,Maya-maya (Snapper),23 kg,340,54.75,160,,,
2025/3/14,Mulmul (Parrot Fish),17 kg,190,54.75,160,,,
2025/3/14,Samaral (Siganid),67 kg,210,54.75,160,,,
2025/3/14,Talakitok (Crevalle),91 kg,270,54.75,160,,,
2025/3/14,Tamban (Indian Sardines),"4,716 kg",90,54.75,160,,,
2025/3/14,Sting Ray,249 Kg,90,54.75,160,,,
2025/3/14,Tanguigue (Spanish Mackerel),279 Kg,290,54.75,160,,,
2025/3/14,Tulingan (Frigate Tuna),473 kg,340,54.75,160,,,
2025/3/15,Alumahan (Striped Mackerel),"1,205 kg",190,54.75,160,,,
2025/3/15,Bangus (Milk Fish),42 kg,190,54.75,160,,,
2025/3/15,Bariles (Yellow Fin Tuna),384 kg,240,54.75,160,,,
2025/3/15,Culisi (Nemipterid),"2,181 kg",113,54.75,160,,,
2025/3/15,Galunggong (Round Scad),975 kg,190,54.75,160,,,
2025/3/15,Gulyasan or puyan (Skipjack tuna),229 kg,190,54.75,160,,,
2025/3/15,Lapu-lapu (Grouper),73 kg,270,54.75,160,,,
2025/3/15,Malasugi (Blue Marlin),829 Kg,290,54.75,160,,,
2025/3/15,Matang Baka (Big-eyed Scads),"1,685 kg",240,54.75,160,,,
2025/3/15,Maya-maya (Snapper),23 kg,340,54.75,160,,,
2025/3/15,Mulmul (Parrot Fish),17 kg,190,54.75,160,,,
2025/3/15,Samaral (Siganid),67 kg,210,54.75,160,,,
2025/3/15,Talakitok (Crevalle),91 kg,270,54.75,160,,,
2025/3/15,Tamban (Indian Sardines),"4,716 kg",90,54.75,160,,,
2025/3/15,Sting Ray,249 Kg,90,54.75,160,,,
2025/3/15,Tanguigue (Spanish Mackerel),279 Kg,290,54.75,160,,,
2025/3/15,Tulingan (Frigate Tuna),473 kg,340,54.75,160,,,
2025/3/16,Alumahan (Striped Mackerel),"1,205 kg",200,54.75,160,,,
2025/3/16,Bangus (Milk Fish),42 kg,200,54.75,160,,,
2025/3/16,Bariles (Yellow Fin Tuna),384 kg,250,54.75,160,,,
2025/3/16,Culisi (Nemipterid),"2,181 kg",123,54.75,160,,,
2025/3/16,Galunggong (Round Scad),975 kg,200,54.75,160,,,
2025/3/16,Gulyasan or puyan (Skipjack tuna),229 kg,200,54.75,160,,,
2025/3/16,Lapu-lapu (Grouper),73 kg,280,54.75,160,,,
2025/3/16,Malasugi (Blue Marlin),829 Kg,300,54.75,160,,,
2025/3/16,Matang Baka (Big-eyed Scads),"1,685 kg",250,54.75,160,,,
2025/3/16,Maya-maya (Snapper),23 kg,350,54.75,160,,,
2025/3/16,Mulmul (Parrot Fish),17 kg,200,54.75,160,,,
2025/3/16,Samaral (Siganid),67 kg,220,54.75,160,,,
2025/3/16,Talakitok (Crevalle),91 kg,280,54.75,160,,,
2025/3/16,Tamban (Indian Sardines),"4,716 kg",100,54.75,160,,,
2025/3/16,Sting Ray,249 Kg,100,54.75,160,,,
2025/3/16,Tanguigue (Spanish Mackerel),279 Kg,300,54.75,160,,,
2025/3/16,Tulingan (Frigate Tuna),473 kg,350,54.75,160,,,
2025/3/17,Alumahan (Striped Mackerel),"1,205 kg",200,54.75,160,,,
2025/3/17,Bangus (Milk Fish),42 kg,200,54.75,160,,,
2025/3/17,Bariles (Yellow Fin Tuna),384 kg,250,54.75,160,,,
2025/3/17,Culisi (Nemipterid),"2,181 kg",123,54.75,160,,,
2025/3/17,Galunggong (Round Scad),975 kg,200,54.75,160,,,
2025/3/17,Gulyasan or puyan (Skipjack tuna),229 kg,200,54.75,160,,,
2025/3/17,Lapu-lapu (Grouper),73 kg,280,54.75,160,,,
2025/3/17,Malasugi (Blue Marlin),829 Kg,300,54.75,160,,,
2025/3/17,Matang Baka (Big-eyed Scads),"1,685 kg",250,54.75,160,,,
2025/3/17,Maya-maya (Snapper),23 kg,350,54.75,160,,,
2025/3/17,Mulmul (Parrot Fish),17 kg,200,54.75,160,,,
2025/3/17,Samaral (Siganid),67 kg,220,54.75,160,,,
2025/3/17,Talakitok (Crevalle),91 kg,280,54.75,160,,,
2025/3/17,Tamban (Indian Sardines),"4,716 kg",100,54.75,160,,,
2025/3/17,Sting Ray,249 Kg,100,54.75,160,,,
2025/3/17,Tanguigue (Spanish Mackerel),279 Kg,300,54.75,160,,,
2025/3/17,Tulingan (Frigate Tuna),473 kg,350,54.75,160,,,
2025/3/18,Alumahan (Striped Mackerel),"1,205 kg",200,54.55,160,,,
2025/3/18,Bangus (Milk Fish),42 kg,200,54.55,160,,,
2025/3/18,Bariles (Yellow Fin Tuna),384 kg,250,54.55,160,,,
2025/3/18,Culisi (Nemipterid),"2,181 kg",123,54.55,160,,,
2025/3/18,Galunggong (Round Scad),975 kg,200,54.55,160,,,
2025/3/18,Gulyasan or puyan (Skipjack tuna),229 kg,200,54.55,160,,,
2025/3/18,Lapu-lapu (Grouper),73 kg,280,54.55,160,,,
2025/3/18,Malasugi (Blue Marlin),829 Kg,300,54.55,160,,,
2025/3/18,Matang Baka (Big-eyed Scads),"1,685 kg",250,54.55,160,,,
2025/3/18,Maya-maya (Snapper),23 kg,350,54.55,160,,,
2025/3/18,Mulmul (Parrot Fish),17 kg,200,54.55,160,,,
2025/3/18,Samaral (Siganid),67 kg,220,54.55,160,,,
2025/3/18,Talakitok (Crevalle),91 kg,280,54.55,160,,,
2025/3/18,Tamban (Indian Sardines),"4,716 kg",100,54.55,160,,,
2025/3/18,Sting Ray,249 Kg,100,54.55,160,,,
2025/3/18,Tanguigue (Spanish Mackerel),279 Kg,300,54.55,160,,,
2025/3/18,Tulingan (Frigate Tuna),473 kg,350,54.55,160,,,
2025/3/19,Alumahan (Striped Mackerel),"1,205 kg",200,54.55,160,,,
2025/3/19,Bangus (Milk Fish),42 kg,200,54.55,160,,,
2025/3/19,Bariles (Yellow Fin Tuna),384 kg,250,54.55,160,,,
2025/3/19,Culisi (Nemipterid),"2,181 kg",123,54.55,160,,,
2025/3/19,Galunggong (Round Scad),975 kg,200,54.55,160,,,
2025/3/19,Gulyasan or puyan (Skipjack tuna),229 kg,200,54.55,160,,,
2025/3/19,Lapu-lapu (Grouper),73 kg,280,54.55,160,,,
2025/3/19,Malasugi (Blue Marlin),829 Kg,300,54.55,160,,,
2025/3/19,Matang Baka (Big-eyed Scads),"1,685 kg",250,54.55,160,,,
2025/3/19,Maya-maya (Snapper),23 kg,350,54.55,160,,,
2025/3/19,Mulmul (Parrot Fish),17 kg,200,54.55,160,,,
2025/3/19,Samaral (Siganid),67 kg,220,54.55,160,,,
2025/3/19,Talakitok (Crevalle),91 kg,280,54.55,160,,,
2025/3/19,Tamban (Indian Sardines),"4,716 kg",100,54.55,160,,,
2025/3/19,Sting Ray,249 Kg,100,54.55,160,,,
2025/3/19,Tanguigue (Spanish Mackerel),279 Kg,300,54.55,160,,,
2025/3/19,Tulingan (Frigate Tuna),473 kg,350,54.55,160,,,
2025/3/20,Alumahan (Striped Mackerel),"1,205 kg",200,54.55,160,,,
2025/3/20,Bangus (Milk Fish),42 kg,200,54.55,160,,,
2025/3/20,Bariles (Yellow Fin Tuna),384 kg,250,54.55,160,,,
2025/3/20,Culisi (Nemipterid),"2,181 kg",123,54.55,160,,,
2025/3/20,Galunggong (Round Scad),975 kg,200,54.55,160,,,
2025/3/20,Gulyasan or puyan (Skipjack tuna),229 kg,200,54.55,160,,,
2025/3/20,Lapu-lapu (Grouper),73 kg,280,54.55,160,,,
2025/3/20,Malasugi (Blue Marlin),829 Kg,300,54.55,160,,,
2025/3/20,Matang Baka (Big-eyed Scads),"1,685 kg",250,54.55,160,,,
2025/3/20,Maya-maya (Snapper),23 kg,350,54.55,160,,,
2025/3/20,Mulmul (Parrot Fish),17 kg,200,54.55,160,,,
2025/3/20,Samaral (Siganid),67 kg,220,54.55,160,,,
2025/3/20,Talakitok (Crevalle),91 kg,280,54.55,160,,,
2025/3/20,Tamban (Indian Sardines),"4,716 kg",100,54.55,160,,,
2025/3/20,Sting Ray,249 Kg,100,54.55,160,,,
2025/3/20,Tanguigue (Spanish Mackerel),279 Kg,300,54.55,160,,,
2025/3/20,Tulingan (Frigate Tuna),473 kg,350,54.55,160,,,
2025/3/21,Alumahan (Striped Mackerel),"1,205 kg",210,54.55,160,,,
2025/3/21,Bangus (Milk Fish),42 kg,210,54.55,160,,,
2025/3/21,Bariles (Yellow Fin Tuna),384 kg,260,54.55,160,,,
2025/3/21,Culisi (Nemipterid),"2,181 kg",133,54.55,160,,,
2025/3/21,Galunggong (Round Scad),975 kg,210,54.55,160,,,
2025/3/21,Gulyasan or puyan (Skipjack tuna),229 kg,210,54.55,160,,,
2025/3/21,Lapu-lapu (Grouper),73 kg,290,54.55,160,,,
2025/3/21,Malasugi (Blue Marlin),829 Kg,310,54.55,160,,,
2025/3/21,Matang Baka (Big-eyed Scads),"1,685 kg",260,54.55,160,,,
2025/3/21,Maya-maya (Snapper),23 kg,360,54.55,160,,,
2025/3/21,Mulmul (Parrot Fish),17 kg,210,54.55,160,,,
2025/3/21,Samaral (Siganid),67 kg,230,54.55,160,,,
2025/3/21,Talakitok (Crevalle),91 kg,290,54.55,160,,,
2025/3/21,Tamban (Indian Sardines),"4,716 kg",110,54.55,160,,,
2025/3/21,Sting Ray,249 Kg,110,54.55,160,,,
2025/3/21,Tanguigue (Spanish Mackerel),279 Kg,310,54.55,160,,,
2025/3/21,Tulingan (Frigate Tuna),473 kg,360,54.55,160,,,
2025/3/22,Alumahan (Striped Mackerel),"1,205 kg",210,54.55,160,,,
2025/3/22,Bangus (Milk Fish),42 kg,210,54.55,160,,,
2025/3/22,Bariles (Yellow Fin Tuna),384 kg,260,54.55,160,,,
2025/3/22,Culisi (Nemipterid),"2,181 kg",133,54.55,160,,,
2025/3/22,Galunggong (Round Scad),975 kg,210,54.55,160,,,
2025/3/22,Gulyasan or puyan (Skipjack tuna),229 kg,210,54.55,160,,,
2025/3/22,Lapu-lapu (Grouper),73 kg,290,54.55,160,,,
2025/3/22,Malasugi (Blue Marlin),829 Kg,310,54.55,160,,,
2025/3/22,Matang Baka (Big-eyed Scads),"1,685 kg",260,54.55,160,,,
2025/3/22,Maya-maya (Snapper),23 kg,360,54.55,160,,,
2025/3/22,Mulmul (Parrot Fish),17 kg,210,54.55,160,,,
2025/3/22,Samaral (Siganid),67 kg,230,54.55,160,,,
2025/3/22,Talakitok (Crevalle),91 kg,290,54.55,160,,,
2025/3/22,Tamban (Indian Sardines),"4,716 kg",110,54.55,160,,,
2025/3/22,Sting Ray,249 Kg,110,54.55,160,,,
2025/3/22,Tanguigue (Spanish Mackerel),279 Kg,310,54.55,160,,,
2025/3/22,Tulingan (Frigate Tuna),473 kg,360,54.55,160,,,
2025/3/23,Alumahan (Striped Mackerel),"1,205 kg",210,54.55,160,,,
2025/3/23,Bangus (Milk Fish),42 kg,210,54.55,160,,,
2025/3/23,Bariles (Yellow Fin Tuna),384 kg,260,54.55,160,,,
2025/3/23,Culisi (Nemipterid),"2,181 kg",133,54.55,160,,,
2025/3/23,Galunggong (Round Scad),975 kg,210,54.55,160,,,
2025/3/23,Gulyasan or puyan (Skipjack tuna),229 kg,210,54.55,160,,,
2025/3/23,Lapu-lapu (Grouper),73 kg,290,54.55,160,,,
2025/3/23,Malasugi (Blue Marlin),829 Kg,310,54.55,160,,,
2025/3/23,Matang Baka (Big-eyed Scads),"1,685 kg",260,54.55,160,,,
2025/3/23,Maya-maya (Snapper),23 kg,360,54.55,160,,,
2025/3/23,Mulmul (Parrot Fish),17 kg,210,54.55,160,,,
2025/3/23,Samaral (Siganid),67 kg,230,54.55,160,,,
2025/3/23,Talakitok (Crevalle),91 kg,290,54.55,160,,,
2025/3/23,Tamban (Indian Sardines),"4,716 kg",110,54.55,160,,,
2025/3/23,Sting Ray,249 Kg,110,54.55,160,,,
2025/3/23,Tanguigue (Spanish Mackerel),279 Kg,310,54.55,160,,,
2025/3/23,Tulingan (Frigate Tuna),473 kg,360,54.55,160,,,
2025/3/24,Alumahan (Striped Mackerel),"1,205 kg",210,54.55,160,,,
2025/3/24,Bangus (Milk Fish),42 kg,210,54.55,160,,,
2025/3/24,Bariles (Yellow Fin Tuna),384 kg,260,54.55,160,,,
2025/3/24,Culisi (Nemipterid),"2,181 kg",133,54.55,160,,,
2025/3/24,Galunggong (Round Scad),975 kg,210,54.55,160,,,
2025/3/24,Gulyasan or puyan (Skipjack tuna),229 kg,210,54.55,160,,,
2025/3/24,Lapu-lapu (Grouper),73 kg,290,54.55,160,,,
2025/3/24,Malasugi (Blue Marlin),829 Kg,310,54.55,160,,,
2025/3/24,Matang Baka (Big-eyed Scads),"1,685 kg",260,54.55,160,,,
2025/3/24,Maya-maya (Snapper),23 kg,360,54.55,160,,,
2025/3/24,Mulmul (Parrot Fish),17 kg,210,54.55,160,,,
2025/3/24,Samaral (Siganid),67 kg,230,54.55,160,,,
2025/3/24,Talakitok (Crevalle),91 kg,290,54.55,160,,,
2025/3/24,Tamban (Indian Sardines),"4,716 kg",110,54.55,160,,,
2025/3/24,Sting Ray,249 Kg,110,54.55,160,,,
2025/3/24,Tanguigue (Spanish Mackerel),279 Kg,310,54.55,160,,,
2025/3/24,Tulingan (Frigate Tuna),473 kg,360,54.55,160,,,
2025/3/25,Alumahan (Striped Mackerel),"1,205 kg",210,53.9,160,,,
2025/3/25,Bangus (Milk Fish),42 kg,210,53.9,160,,,
2025/3/25,Bariles (Yellow Fin Tuna),384 kg,260,53.9,160,,,
2025/3/25,Culisi (Nemipterid),"2,181 kg",133,53.9,160,,,
2025/3/25,Galunggong (Round Scad),975 kg,210,53.9,160,,,
2025/3/25,Gulyasan or puyan (Skipjack tuna),229 kg,210,53.9,160,,,
2025/3/25,Lapu-lapu (Grouper),73 kg,290,53.9,160,,,
2025/3/25,Malasugi (Blue Marlin),829 Kg,310,53.9,160,,,
2025/3/25,Matang Baka (Big-eyed Scads),"1,685 kg",260,53.9,160,,,
2025/3/25,Maya-maya (Snapper),23 kg,360,53.9,160,,,
2025/3/25,Mulmul (Parrot Fish),17 kg,210,53.9,160,,,
2025/3/25,Samaral (Siganid),67 kg,230,53.9,160,,,
2025/3/25,Talakitok (Crevalle),91 kg,290,53.9,160,,,
2025/3/25,Tamban (Indian Sardines),"4,716 kg",110,53.9,160,,,
2025/3/25,Sting Ray,249 Kg,110,53.9,160,,,
2025/3/25,Tanguigue (Spanish Mackerel),279 Kg,310,53.9,160,,,
2025/3/25,Tulingan (Frigate Tuna),473 kg,360,53.9,160,,,
2025/3/26,Alumahan (Striped Mackerel),"1,205 kg",190,53.9,160,,,
2025/3/26,Bangus (Milk Fish),42 kg,190,53.9,160,,,
2025/3/26,Bariles (Yellow Fin Tuna),384 kg,240,53.9,160,,,
2025/3/26,Culisi (Nemipterid),"2,181 kg",113,53.9,160,,,
2025/3/26,Galunggong (Round Scad),975 kg,190,53.9,160,,,
2025/3/26,Gulyasan or puyan (Skipjack tuna),229 kg,190,53.9,160,,,
2025/3/26,Lapu-lapu (Grouper),73 kg,270,53.9,160,,,
2025/3/26,Malasugi (Blue Marlin),829 Kg,290,53.9,160,,,
2025/3/26,Matang Baka (Big-eyed Scads),"1,685 kg",240,53.9,160,,,
2025/3/26,Maya-maya (Snapper),23 kg,340,53.9,160,,,
2025/3/26,Mulmul (Parrot Fish),17 kg,190,53.9,160,,,
2025/3/26,Samaral (Siganid),67 kg,210,53.9,160,,,
2025/3/26,Talakitok (Crevalle),91 kg,270,53.9,160,,,
2025/3/26,Tamban (Indian Sardines),"4,716 kg",90,53.9,160,,,
2025/3/26,Sting Ray,249 Kg,90,53.9,160,,,
2025/3/26,Tanguigue (Spanish Mackerel),279 Kg,290,53.9,160,,,
2025/3/26,Tulingan (Frigate Tuna),473 kg,340,53.9,160,,,
2025/3/27,Alumahan (Striped Mackerel),"1,205 kg",190,53.9,160,,,
2025/3/27,Bangus (Milk Fish),42 kg,190,53.9,160,,,
2025/3/27,Bariles (Yellow Fin Tuna),384 kg,240,53.9,160,,,
2025/3/27,Culisi (Nemipterid),"2,181 kg",113,53.9,160,,,
2025/3/27,Galunggong (Round Scad),975 kg,190,53.9,160,,,
2025/3/27,Gulyasan or puyan (Skipjack tuna),229 kg,190,53.9,160,,,
2025/3/27,Lapu-lapu (Grouper),73 kg,270,53.9,160,,,
2025/3/27,Malasugi (Blue Marlin),829 Kg,290,53.9,160,,,
2025/3/27,Matang Baka (Big-eyed Scads),"1,685 kg",240,53.9,160,,,
2025/3/27,Maya-maya (Snapper),23 kg,340,53.9,160,,,
2025/3/27,Mulmul (Parrot Fish),17 kg,190,53.9,160,,,
2025/3/27,Samaral (Siganid),67 kg,210,53.9,160,,,
2025/3/27,Talakitok (Crevalle),91 kg,270,53.9,160,,,
2025/3/27,Tamban (Indian Sardines),"4,716 kg",90,53.9,160,,,
2025/3/27,Sting Ray,249 Kg,90,53.9,160,,,
2025/3/27,Tanguigue (Spanish Mackerel),279 Kg,290,53.9,160,,,
2025/3/27,Tulingan (Frigate Tuna),473 kg,340,53.9,160,,,
2025/3/28,Alumahan (Striped Mackerel),"1,205 kg",190,53.9,160,,,
2025/3/28,Bangus (Milk Fish),42 kg,190,53.9,160,,,
2025/3/28,Bariles (Yellow Fin Tuna),384 kg,240,53.9,160,,,
2025/3/28,Culisi (Nemipterid),"2,181 kg",113,53.9,160,,,
2025/3/28,Galunggong (Round Scad),975 kg,190,53.9,160,,,
2025/3/28,Gulyasan or puyan (Skipjack tuna),229 kg,190,53.9,160,,,
2025/3/28,Lapu-lapu (Grouper),73 kg,270,53.9,160,,,
2025/3/28,Malasugi (Blue Marlin),829 Kg,290,53.9,160,,,
2025/3/28,Matang Baka (Big-eyed Scads),"1,685 kg",240,53.9,160,,,
2025/3/28,Maya-maya (Snapper),23 kg,340,53.9,160,,,
2025/3/28,Mulmul (Parrot Fish),17 kg,190,53.9,160,,,
2025/3/28,Samaral (Siganid),67 kg,210,53.9,160,,,
2025/3/28,Talakitok (Crevalle),91 kg,270,53.9,160,,,
2025/3/28,Tamban (Indian Sardines),"4,716 kg",90,53.9,160,,,
2025/3/28,Sting Ray,249 Kg,90,53.9,160,,,
2025/3/28,Tanguigue (Spanish Mackerel),279 Kg,290,53.9,160,,,
2025/3/28,Tulingan (Frigate Tuna),473 kg,340,53.9,160,,,
2025/3/29,Alumahan (Striped Mackerel),"1,205 kg",190,53.9,160,,,
2025/3/29,Bangus (Milk Fish),42 kg,190,53.9,160,,,
2025/3/29,Bariles (Yellow Fin Tuna),384 kg,240,53.9,160,,,
2025/3/29,Culisi (Nemipterid),"2,181 kg",113,53.9,160,,,
2025/3/29,Galunggong (Round Scad),975 kg,190,53.9,160,,,
2025/3/29,Gulyasan or puyan (Skipjack tuna),229 kg,190,53.9,160,,,
2025/3/29,Lapu-lapu (Grouper),73 kg,270,53.9,160,,,
2025/3/29,Malasugi (Blue Marlin),829 Kg,290,53.9,160,,,
2025/3/29,Matang Baka (Big-eyed Scads),"1,685 kg",240,53.9,160,,,
2025/3/29,Maya-maya (Snapper),23 kg,340,53.9,160,,,
2025/3/29,Mulmul (Parrot Fish),17 kg,190,53.9,160,,,
2025/3/29,Samaral (Siganid),67 kg,210,53.9,160,,,
2025/3/29,Talakitok (Crevalle),91 kg,270,53.9,160,,,
2025/3/29,Tamban (Indian Sardines),"4,716 kg",90,53.9,160,,,
2025/3/29,Sting Ray,249 Kg,90,53.9,160,,,
2025/3/29,Tanguigue (Spanish Mackerel),279 Kg,290,53.9,160,,,
2025/3/29,Tulingan (Frigate Tuna),473 kg,340,53.9,160,,,
2025/3/30,Alumahan (Striped Mackerel),"1,205 kg",190,53.9,160,,,
2025/3/30,Bangus (Milk Fish),42 kg,190,53.9,160,,,
2025/3/30,Bariles (Yellow Fin Tuna),384 kg,240,53.9,160,,,
2025/3/30,Culisi (Nemipterid),"2,181 kg",113,53.9,160,,,
2025/3/30,Galunggong (Round Scad),975 kg,190,53.9,160,,,
2025/3/30,Gulyasan or puyan (Skipjack tuna),229 kg,190,53.9,160,,,
2025/3/30,Lapu-lapu (Grouper),73 kg,270,53.9,160,,,
2025/3/30,Malasugi (Blue Marlin),829 Kg,290,53.9,160,,,
2025/3/30,Matang Baka (Big-eyed Scads),"1,685 kg",240,53.9,160,,,
2025/3/30,Maya-maya (Snapper),23 kg,340,53.9,160,,,
2025/3/30,Mulmul (Parrot Fish),17 kg,190,53.9,160,,,
2025/3/30,Samaral (Siganid),67 kg,210,53.9,160,,,
2025/3/30,Talakitok (Crevalle),91 kg,270,53.9,160,,,
2025/3/30,Tamban (Indian Sardines),"4,716 kg",90,53.9,160,,,
2025/3/30,Sting Ray,249 Kg,90,53.9,160,,,
2025/3/30,Tanguigue (Spanish Mackerel),279 Kg,290,53.9,160,,,
2025/3/30,Tulingan (Frigate Tuna),473 kg,340,53.9,160,,,
2025/3/31,Alumahan (Striped Mackerel),"1,205 kg",190,53.9,160,,,
2025/3/31,Bangus (Milk Fish),42 kg,190,53.9,160,,,
2025/3/31,Bariles (Yellow Fin Tuna),384 kg,240,53.9,160,,,
2025/3/31,Culisi (Nemipterid),"2,181 kg",113,53.9,160,,,
2025/3/31,Galunggong (Round Scad),975 kg,190,53.9,160,,,
2025/3/31,Gulyasan or puyan (Skipjack tuna),229 kg,190,53.9,160,,,
2025/3/31,Lapu-lapu (Grouper),73 kg,270,53.9,160,,,
2025/3/31,Malasugi (Blue Marlin),829 Kg,290,53.9,160,,,
2025/3/31,Matang Baka (Big-eyed Scads),"1,685 kg",240,53.9,160,,,
2025/3/31,Maya-maya (Snapper),23 kg,340,53.9,160,,,
2025/3/31,Mulmul (Parrot Fish),17 kg,190,53.9,160,,,
2025/3/31,Samaral (Siganid),67 kg,210,53.9,160,,,
2025/3/31,Talakitok (Crevalle),91 kg,270,53.9,160,,,
2025/3/31,Tamban (Indian Sardines),"4,716 kg",90,53.9,160,,,
2025/3/31,Sting Ray,249 Kg,90,53.9,160,,,
2025/3/31,Tanguigue (Spanish Mackerel),279 Kg,290,53.9,160,,,
2025/3/31,Tulingan (Frigate Tuna),473 kg,340,53.9,160,,,
2025/4/1,Alumahan (Striped Mackerel),"1,404 kg",150,55.1,160,,,
2025/4/1,Bangus (Milk Fish),72 kg,200,55.1,160,,,
2025/4/1,Bariles (Yellow Fin Tuna),706 kg,250,55.1,160,,,
2025/4/1,Culisi (Nemipterid),"2,181 Kg",140,55.1,160,,,
2025/4/1,Galunggong (Round Scad),"1,631 kg",180,55.1,160,,,
2025/4/1,Gulyasan or puyan (Skipjack tuna),"1,084 kg",200,55.1,160,,,
2025/4/1,Lapu-lapu (Grouper),16 kg,300,55.1,160,,,
2025/4/1,Malasugi (Blue Marlin),795 kg,310,55.1,160,,,
2025/4/1,Matang Baka (Big-eyed Scads),"2,750 kg",200,55.1,160,,,
2025/4/1,Maya-maya (Snapper),19 kg,200,55.1,160,,,
2025/4/1,Mulmul (Parrot Fish),102 kg,180,55.1,160,,,
2025/4/1,Samaral (Siganid),51 kg,250,55.1,160,,,
2025/4/1,Talakitok (Crevalle),42 kg,250,55.1,160,,,
2025/4/1,Tamban (Indian Sardines),"17,987 kg",90,55.1,160,,,
2025/4/1,Sting Ray,239 kg,90,55.1,160,,,
2025/4/1,Tanguigue (Spanish Mackerel),300 kg,299,55.1,160,,,
2025/4/1,Tulingan (Frigate Tuna),656 kg,250,55.1,160,,,
2025/4/2,Alumahan (Striped Mackerel),"1,404 kg",150,55.1,160,,,
2025/4/2,Bangus (Milk Fish),72 kg,200,55.1,160,,,
2025/4/2,Bariles (Yellow Fin Tuna),706 kg,250,55.1,160,,,
2025/4/2,Culisi (Nemipterid),"2,181 Kg",140,55.1,160,,,
2025/4/2,Galunggong (Round Scad),"1,631 kg",180,55.1,160,,,
2025/4/2,Gulyasan or puyan (Skipjack tuna),"1,084 kg",200,55.1,160,,,
2025/4/2,Lapu-lapu (Grouper),16 kg,300,55.1,160,,,
2025/4/2,Malasugi (Blue Marlin),795 kg,310,55.1,160,,,
2025/4/2,Matang Baka (Big-eyed Scads),"2,750 kg",200,55.1,160,,,
2025/4/2,Maya-maya (Snapper),19 kg,200,55.1,160,,,
2025/4/2,Mulmul (Parrot Fish),102 kg,180,55.1,160,,,
2025/4/2,Samaral (Siganid),51 kg,250,55.1,160,,,
2025/4/2,Talakitok (Crevalle),42 kg,250,55.1,160,,,
2025/4/2,Tamban (Indian Sardines),"17,987 kg",90,55.1,160,,,
2025/4/2,Sting Ray,239 kg,90,55.1,160,,,
2025/4/2,Tanguigue (Spanish Mackerel),300 kg,299,55.1,160,,,
2025/4/2,Tulingan (Frigate Tuna),656 kg,250,55.1,160,,,
2025/4/3,Alumahan (Striped Mackerel),"1,404 kg",150,55.1,160,,,
2025/4/3,Bangus (Milk Fish),72 kg,200,55.1,160,,,
2025/4/3,Bariles (Yellow Fin Tuna),706 kg,250,55.1,160,,,
2025/4/3,Culisi (Nemipterid),"2,181 Kg",140,55.1,160,,,
2025/4/3,Galunggong (Round Scad),"1,631 kg",180,55.1,160,,,
2025/4/3,Gulyasan or puyan (Skipjack tuna),"1,084 kg",200,55.1,160,,,
2025/4/3,Lapu-lapu (Grouper),16 kg,300,55.1,160,,,
2025/4/3,Malasugi (Blue Marlin),795 kg,310,55.1,160,,,
2025/4/3,Matang Baka (Big-eyed Scads),"2,750 kg",200,55.1,160,,,
2025/4/3,Maya-maya (Snapper),19 kg,200,55.1,160,,,
2025/4/3,Mulmul (Parrot Fish),102 kg,180,55.1,160,,,
2025/4/3,Samaral (Siganid),51 kg,250,55.1,160,,,
2025/4/3,Talakitok (Crevalle),42 kg,250,55.1,160,,,
2025/4/3,Tamban (Indian Sardines),"17,987 kg",90,55.1,160,,,
2025/4/3,Sting Ray,239 kg,90,55.1,160,,,
2025/4/3,Tanguigue (Spanish Mackerel),300 kg,299,55.1,160,,,
2025/4/3,Tulingan (Frigate Tuna),656 kg,250,55.1,160,,,
2025/4/4,Alumahan (Striped Mackerel),"1,404 kg",150,55.1,160,,,
2025/4/4,Bangus (Milk Fish),72 kg,200,55.1,160,,,
2025/4/4,Bariles (Yellow Fin Tuna),706 kg,250,55.1,160,,,
2025/4/4,Culisi (Nemipterid),"2,181 Kg",140,55.1,160,,,
2025/4/4,Galunggong (Round Scad),"1,631 kg",180,55.1,160,,,
2025/4/4,Gulyasan or puyan (Skipjack tuna),"1,084 kg",200,55.1,160,,,
2025/4/4,Lapu-lapu (Grouper),16 kg,300,55.1,160,,,
2025/4/4,Malasugi (Blue Marlin),795 kg,310,55.1,160,,,
2025/4/4,Matang Baka (Big-eyed Scads),"2,750 kg",200,55.1,160,,,
2025/4/4,Maya-maya (Snapper),19 kg,200,55.1,160,,,
2025/4/4,Mulmul (Parrot Fish),102 kg,180,55.1,160,,,
2025/4/4,Samaral (Siganid),51 kg,250,55.1,160,,,
2025/4/4,Talakitok (Crevalle),42 kg,250,55.1,160,,,
2025/4/4,Tamban (Indian Sardines),"17,987 kg",90,55.1,160,,,
2025/4/4,Sting Ray,239 kg,90,55.1,160,,,
2025/4/4,Tanguigue (Spanish Mackerel),300 kg,299,55.1,160,,,
2025/4/4,Tulingan (Frigate Tuna),656 kg,250,55.1,160,,,
2025/4/5,Alumahan (Striped Mackerel),"1,404 kg",150,55.1,160,,,
2025/4/5,Bangus (Milk Fish),72 kg,200,55.1,160,,,
2025/4/5,Bariles (Yellow Fin Tuna),706 kg,250,55.1,160,,,
2025/4/5,Culisi (Nemipterid),"2,181 Kg",140,55.1,160,,,
2025/4/5,Galunggong (Round Scad),"1,631 kg",180,55.1,160,,,
2025/4/5,Gulyasan or puyan (Skipjack tuna),"1,084 kg",200,55.1,160,,,
2025/4/5,Lapu-lapu (Grouper),16 kg,300,55.1,160,,,
2025/4/5,Malasugi (Blue Marlin),795 kg,310,55.1,160,,,
2025/4/5,Matang Baka (Big-eyed Scads),"2,750 kg",200,55.1,160,,,
2025/4/5,Maya-maya (Snapper),19 kg,200,55.1,160,,,
2025/4/5,Mulmul (Parrot Fish),102 kg,180,55.1,160,,,
2025/4/5,Samaral (Siganid),51 kg,250,55.1,160,,,
2025/4/5,Talakitok (Crevalle),42 kg,250,55.1,160,,,
2025/4/5,Tamban (Indian Sardines),"17,987 kg",90,55.1,160,,,
2025/4/5,Sting Ray,239 kg,90,55.1,160,,,
2025/4/5,Tanguigue (Spanish Mackerel),300 kg,299,55.1,160,,,
2025/4/5,Tulingan (Frigate Tuna),656 kg,250,55.1,160,,,
2025/4/6,Alumahan (Striped Mackerel),"1,404 kg",160,55.1,160,,,
2025/4/6,Bangus (Milk Fish),72 kg,210,55.1,160,,,
2025/4/6,Bariles (Yellow Fin Tuna),706 kg,260,55.1,160,,,
2025/4/6,Culisi (Nemipterid),"2,181 Kg",150,55.1,160,,,
2025/4/6,Galunggong (Round Scad),"1,631 kg",190,55.1,160,,,
2025/4/6,Gulyasan or puyan (Skipjack tuna),"1,084 kg",210,55.1,160,,,
2025/4/6,Lapu-lapu (Grouper),16 kg,310,55.1,160,,,
2025/4/6,Malasugi (Blue Marlin),795 kg,320,55.1,160,,,
2025/4/6,Matang Baka (Big-eyed Scads),"2,750 kg",210,55.1,160,,,
2025/4/6,Maya-maya (Snapper),19 kg,210,55.1,160,,,
2025/4/6,Mulmul (Parrot Fish),102 kg,190,55.1,160,,,
2025/4/6,Samaral (Siganid),51 kg,260,55.1,160,,,
2025/4/6,Talakitok (Crevalle),42 kg,260,55.1,160,,,
2025/4/6,Tamban (Indian Sardines),"17,987 kg",100,55.1,160,,,
2025/4/6,Sting Ray,239 kg,100,55.1,160,,,
2025/4/6,Tanguigue (Spanish Mackerel),300 kg,309,55.1,160,,,
2025/4/6,Tulingan (Frigate Tuna),656 kg,260,55.1,160,,,
2025/4/7,Alumahan (Striped Mackerel),"1,404 kg",160,55.1,160,,,
2025/4/7,Bangus (Milk Fish),72 kg,210,55.1,160,,,
2025/4/7,Bariles (Yellow Fin Tuna),706 kg,260,55.1,160,,,
2025/4/7,Culisi (Nemipterid),"2,181 Kg",150,55.1,160,,,
2025/4/7,Galunggong (Round Scad),"1,631 kg",190,55.1,160,,,
2025/4/7,Gulyasan or puyan (Skipjack tuna),"1,084 kg",210,55.1,160,,,
2025/4/7,Lapu-lapu (Grouper),16 kg,310,55.1,160,,,
2025/4/7,Malasugi (Blue Marlin),795 kg,320,55.1,160,,,
2025/4/7,Matang Baka (Big-eyed Scads),"2,750 kg",210,55.1,160,,,
2025/4/7,Maya-maya (Snapper),19 kg,210,55.1,160,,,
2025/4/7,Mulmul (Parrot Fish),102 kg,190,55.1,160,,,
2025/4/7,Samaral (Siganid),51 kg,260,55.1,160,,,
2025/4/7,Talakitok (Crevalle),42 kg,260,55.1,160,,,
2025/4/7,Tamban (Indian Sardines),"17,987 kg",100,55.1,160,,,
2025/4/7,Sting Ray,239 kg,100,55.1,160,,,
2025/4/7,Tanguigue (Spanish Mackerel),300 kg,309,55.1,160,,,
2025/4/7,Tulingan (Frigate Tuna),656 kg,260,55.1,160,,,
2025/4/8,Alumahan (Striped Mackerel),"1,404 kg",160,55.1,160,,,
2025/4/8,Bangus (Milk Fish),72 kg,210,55.1,160,,,
2025/4/8,Bariles (Yellow Fin Tuna),706 kg,260,55.1,160,,,
2025/4/8,Culisi (Nemipterid),"2,181 Kg",150,55.1,160,,,
2025/4/8,Galunggong (Round Scad),"1,631 kg",190,55.1,160,,,
2025/4/8,Gulyasan or puyan (Skipjack tuna),"1,084 kg",210,55.1,160,,,
2025/4/8,Lapu-lapu (Grouper),16 kg,310,55.1,160,,,
2025/4/8,Malasugi (Blue Marlin),795 kg,320,55.1,160,,,
2025/4/8,Matang Baka (Big-eyed Scads),"2,750 kg",210,55.1,160,,,
2025/4/8,Maya-maya (Snapper),19 kg,210,55.1,160,,,
2025/4/8,Mulmul (Parrot Fish),102 kg,190,55.1,160,,,
2025/4/8,Samaral (Siganid),51 kg,260,55.1,160,,,
2025/4/8,Talakitok (Crevalle),42 kg,260,55.1,160,,,
2025/4/8,Tamban (Indian Sardines),"17,987 kg",100,55.1,160,,,
2025/4/8,Sting Ray,239 kg,100,55.1,160,,,
2025/4/8,Tanguigue (Spanish Mackerel),300 kg,309,55.1,160,,,
2025/4/8,Tulingan (Frigate Tuna),656 kg,260,55.1,160,,,
2025/4/9,Alumahan (Striped Mackerel),"1,404 kg",160,55.1,160,,,
2025/4/9,Bangus (Milk Fish),72 kg,210,55.1,160,,,
2025/4/9,Bariles (Yellow Fin Tuna),706 kg,260,55.1,160,,,
2025/4/9,Culisi (Nemipterid),"2,181 Kg",150,55.1,160,,,
2025/4/9,Galunggong (Round Scad),"1,631 kg",190,55.1,160,,,
2025/4/9,Gulyasan or puyan (Skipjack tuna),"1,084 kg",210,55.1,160,,,
2025/4/9,Lapu-lapu (Grouper),16 kg,310,55.1,160,,,
2025/4/9,Malasugi (Blue Marlin),795 kg,320,55.1,160,,,
2025/4/9,Matang Baka (Big-eyed Scads),"2,750 kg",210,55.1,160,,,
2025/4/9,Maya-maya (Snapper),19 kg,210,55.1,160,,,
2025/4/9,Mulmul (Parrot Fish),102 kg,190,55.1,160,,,
2025/4/9,Samaral (Siganid),51 kg,260,55.1,160,,,
2025/4/9,Talakitok (Crevalle),42 kg,260,55.1,160,,,
2025/4/9,Tamban (Indian Sardines),"17,987 kg",100,55.1,160,,,
2025/4/9,Sting Ray,239 kg,100,55.1,160,,,
2025/4/9,Tanguigue (Spanish Mackerel),300 kg,309,55.1,160,,,
2025/4/9,Tulingan (Frigate Tuna),656 kg,260,55.1,160,,,
2025/4/10,Alumahan (Striped Mackerel),"1,404 kg",160,55.1,160,,,
2025/4/10,Bangus (Milk Fish),72 kg,210,55.1,160,,,
2025/4/10,Bariles (Yellow Fin Tuna),706 kg,260,55.1,160,,,
2025/4/10,Culisi (Nemipterid),"2,181 Kg",150,55.1,160,,,
2025/4/10,Galunggong (Round Scad),"1,631 kg",190,55.1,160,,,
2025/4/10,Gulyasan or puyan (Skipjack tuna),"1,084 kg",210,55.1,160,,,
2025/4/10,Lapu-lapu (Grouper),16 kg,310,55.1,160,,,
2025/4/10,Malasugi (Blue Marlin),795 kg,320,55.1,160,,,
2025/4/10,Matang Baka (Big-eyed Scads),"2,750 kg",210,55.1,160,,,
2025/4/10,Maya-maya (Snapper),19 kg,210,55.1,160,,,
2025/4/10,Mulmul (Parrot Fish),102 kg,190,55.1,160,,,
2025/4/10,Samaral (Siganid),51 kg,260,55.1,160,,,
2025/4/10,Talakitok (Crevalle),42 kg,260,55.1,160,,,
2025/4/10,Tamban (Indian Sardines),"17,987 kg",100,55.1,160,,,
2025/4/10,Sting Ray,239 kg,100,55.1,160,,,
2025/4/10,Tanguigue (Spanish Mackerel),300 kg,309,55.1,160,,,
2025/4/10,Tulingan (Frigate Tuna),656 kg,260,55.1,160,,,
2025/4/11,Alumahan (Striped Mackerel),"1,404 kg",140,55.1,160,,,
2025/4/11,Bangus (Milk Fish),72 kg,190,55.1,160,,,
2025/4/11,Bariles (Yellow Fin Tuna),706 kg,240,55.1,160,,,
2025/4/11,Culisi (Nemipterid),"2,181 Kg",130,55.1,160,,,
2025/4/11,Galunggong (Round Scad),"1,631 kg",170,55.1,160,,,
2025/4/11,Gulyasan or puyan (Skipjack tuna),"1,084 kg",190,55.1,160,,,
2025/4/11,Lapu-lapu (Grouper),16 kg,290,55.1,160,,,
2025/4/11,Malasugi (Blue Marlin),795 kg,300,55.1,160,,,
2025/4/11,Matang Baka (Big-eyed Scads),"2,750 kg",190,55.1,160,,,
2025/4/11,Maya-maya (Snapper),19 kg,190,55.1,160,,,
2025/4/11,Mulmul (Parrot Fish),102 kg,170,55.1,160,,,
2025/4/11,Samaral (Siganid),51 kg,240,55.1,160,,,
2025/4/11,Talakitok (Crevalle),42 kg,240,55.1,160,,,
2025/4/11,Tamban (Indian Sardines),"17,987 kg",80,55.1,160,,,
2025/4/11,Sting Ray,239 kg,80,55.1,160,,,
2025/4/11,Tanguigue (Spanish Mackerel),300 kg,289,55.1,160,,,
2025/4/11,Tulingan (Frigate Tuna),656 kg,240,55.1,160,,,
2025/4/12,Alumahan (Striped Mackerel),"1,404 kg",140,55.1,160,,,
2025/4/12,Bangus (Milk Fish),72 kg,190,55.1,160,,,
2025/4/12,Bariles (Yellow Fin Tuna),706 kg,240,55.1,160,,,
2025/4/12,Culisi (Nemipterid),"2,181 Kg",130,55.1,160,,,
2025/4/12,Galunggong (Round Scad),"1,631 kg",170,55.1,160,,,
2025/4/12,Gulyasan or puyan (Skipjack tuna),"1,084 kg",190,55.1,160,,,
2025/4/12,Lapu-lapu (Grouper),16 kg,290,55.1,160,,,
2025/4/12,Malasugi (Blue Marlin),795 kg,300,55.1,160,,,
2025/4/12,Matang Baka (Big-eyed Scads),"2,750 kg",190,55.1,160,,,
2025/4/12,Maya-maya (Snapper),19 kg,190,55.1,160,,,
2025/4/12,Mulmul (Parrot Fish),102 kg,170,55.1,160,,,
2025/4/12,Samaral (Siganid),51 kg,240,55.1,160,,,
2025/4/12,Talakitok (Crevalle),42 kg,240,55.1,160,,,
2025/4/12,Tamban (Indian Sardines),"17,987 kg",80,55.1,160,,,
2025/4/12,Sting Ray,239 kg,80,55.1,160,,,
2025/4/12,Tanguigue (Spanish Mackerel),300 kg,289,55.1,160,,,
2025/4/12,Tulingan (Frigate Tuna),656 kg,240,55.1,160,,,
2025/4/13,Alumahan (Striped Mackerel),"1,404 kg",140,55.1,160,,,
2025/4/13,Bangus (Milk Fish),72 kg,190,55.1,160,,,
2025/4/13,Bariles (Yellow Fin Tuna),706 kg,240,55.1,160,,,
2025/4/13,Culisi (Nemipterid),"2,181 Kg",130,55.1,160,,,
2025/4/13,Galunggong (Round Scad),"1,631 kg",170,55.1,160,,,
2025/4/13,Gulyasan or puyan (Skipjack tuna),"1,084 kg",190,55.1,160,,,
2025/4/13,Lapu-lapu (Grouper),16 kg,290,55.1,160,,,
2025/4/13,Malasugi (Blue Marlin),795 kg,300,55.1,160,,,
2025/4/13,Matang Baka (Big-eyed Scads),"2,750 kg",190,55.1,160,,,
2025/4/13,Maya-maya (Snapper),19 kg,190,55.1,160,,,
2025/4/13,Mulmul (Parrot Fish),102 kg,170,55.1,160,,,
2025/4/13,Samaral (Siganid),51 kg,240,55.1,160,,,
2025/4/13,Talakitok (Crevalle),42 kg,240,55.1,160,,,
2025/4/13,Tamban (Indian Sardines),"17,987 kg",80,55.1,160,,,
2025/4/13,Sting Ray,239 kg,80,55.1,160,,,
2025/4/13,Tanguigue (Spanish Mackerel),300 kg,289,55.1,160,,,
2025/4/13,Tulingan (Frigate Tuna),656 kg,240,55.1,160,,,
2025/4/14,Alumahan (Striped Mackerel),"1,404 kg",140,55.1,160,,,
2025/4/14,Bangus (Milk Fish),72 kg,190,55.1,160,,,
2025/4/14,Bariles (Yellow Fin Tuna),706 kg,240,55.1,160,,,
2025/4/14,Culisi (Nemipterid),"2,181 Kg",130,55.1,160,,,
2025/4/14,Galunggong (Round Scad),"1,631 kg",170,55.1,160,,,
2025/4/14,Gulyasan or puyan (Skipjack tuna),"1,084 kg",190,55.1,160,,,
2025/4/14,Lapu-lapu (Grouper),16 kg,290,55.1,160,,,
2025/4/14,Malasugi (Blue Marlin),795 kg,300,55.1,160,,,
2025/4/14,Matang Baka (Big-eyed Scads),"2,750 kg",190,55.1,160,,,
2025/4/14,Maya-maya (Snapper),19 kg,190,55.1,160,,,
2025/4/14,Mulmul (Parrot Fish),102 kg,170,55.1,160,,,
2025/4/14,Samaral (Siganid),51 kg,240,55.1,160,,,
2025/4/14,Talakitok (Crevalle),42 kg,240,55.1,160,,,
2025/4/14,Tamban (Indian Sardines),"17,987 kg",80,55.1,160,,,
2025/4/14,Sting Ray,239 kg,80,55.1,160,,,
2025/4/14,Tanguigue (Spanish Mackerel),300 kg,289,55.1,160,,,
2025/4/14,Tulingan (Frigate Tuna),656 kg,240,55.1,160,,,
2025/4/15,Alumahan (Striped Mackerel),"1,404 kg",140,52.2,160,,,
2025/4/15,Bangus (Milk Fish),72 kg,190,52.2,160,,,
2025/4/15,Bariles (Yellow Fin Tuna),706 kg,240,52.2,160,,,
2025/4/15,Culisi (Nemipterid),"2,181 Kg",130,52.2,160,,,
2025/4/15,Galunggong (Round Scad),"1,631 kg",170,52.2,160,,,
2025/4/15,Gulyasan or puyan (Skipjack tuna),"1,084 kg",190,52.2,160,,,
2025/4/15,Lapu-lapu (Grouper),16 kg,290,52.2,160,,,
2025/4/15,Malasugi (Blue Marlin),795 kg,300,52.2,160,,,
2025/4/15,Matang Baka (Big-eyed Scads),"2,750 kg",190,52.2,160,,,
2025/4/15,Maya-maya (Snapper),19 kg,190,52.2,160,,,
2025/4/15,Mulmul (Parrot Fish),102 kg,170,52.2,160,,,
2025/4/15,Samaral (Siganid),51 kg,240,52.2,160,,,
2025/4/15,Talakitok (Crevalle),42 kg,240,52.2,160,,,
2025/4/15,Tamban (Indian Sardines),"17,987 kg",80,52.2,160,,,
2025/4/15,Sting Ray,239 kg,80,52.2,160,,,
2025/4/15,Tanguigue (Spanish Mackerel),300 kg,289,52.2,160,,,
2025/4/15,Tulingan (Frigate Tuna),656 kg,240,52.2,160,,,
2025/4/16,Alumahan (Striped Mackerel),"1,404 kg",150,52.2,160,,,
2025/4/16,Bangus (Milk Fish),72 kg,200,52.2,160,,,
2025/4/16,Bariles (Yellow Fin Tuna),706 kg,250,52.2,160,,,
2025/4/16,Culisi (Nemipterid),"2,181 Kg",140,52.2,160,,,
2025/4/16,Galunggong (Round Scad),"1,631 kg",180,52.2,160,,,
2025/4/16,Gulyasan or puyan (Skipjack tuna),"1,084 kg",200,52.2,160,,,
2025/4/16,Lapu-lapu (Grouper),16 kg,300,52.2,160,,,
2025/4/16,Malasugi (Blue Marlin),795 kg,310,52.2,160,,,
2025/4/16,Matang Baka (Big-eyed Scads),"2,750 kg",200,52.2,160,,,
2025/4/16,Maya-maya (Snapper),19 kg,200,52.2,160,,,
2025/4/16,Mulmul (Parrot Fish),102 kg,180,52.2,160,,,
2025/4/16,Samaral (Siganid),51 kg,250,52.2,160,,,
2025/4/16,Talakitok (Crevalle),42 kg,250,52.2,160,,,
2025/4/16,Tamban (Indian Sardines),"17,987 kg",90,52.2,160,,,
2025/4/16,Sting Ray,239 kg,90,52.2,160,,,
2025/4/16,Tanguigue (Spanish Mackerel),300 kg,299,52.2,160,,,
2025/4/16,Tulingan (Frigate Tuna),656 kg,250,52.2,160,,,
2025/4/17,Alumahan (Striped Mackerel),"1,404 kg",150,52.2,160,,,
2025/4/17,Bangus (Milk Fish),72 kg,200,52.2,160,,,
2025/4/17,Bariles (Yellow Fin Tuna),706 kg,250,52.2,160,,,
2025/4/17,Culisi (Nemipterid),"2,181 Kg",140,52.2,160,,,
2025/4/17,Galunggong (Round Scad),"1,631 kg",180,52.2,160,,,
2025/4/17,Gulyasan or puyan (Skipjack tuna),"1,084 kg",200,52.2,160,,,
2025/4/17,Lapu-lapu (Grouper),16 kg,300,52.2,160,,,
2025/4/17,Malasugi (Blue Marlin),795 kg,310,52.2,160,,,
2025/4/17,Matang Baka (Big-eyed Scads),"2,750 kg",200,52.2,160,,,
2025/4/17,Maya-maya (Snapper),19 kg,200,52.2,160,,,
2025/4/17,Mulmul (Parrot Fish),102 kg,180,52.2,160,,,
2025/4/17,Samaral (Siganid),51 kg,250,52.2,160,,,
2025/4/17,Talakitok (Crevalle),42 kg,250,52.2,160,,,
2025/4/17,Tamban (Indian Sardines),"17,987 kg",90,52.2,160,,,
2025/4/17,Sting Ray,239 kg,90,52.2,160,,,
2025/4/17,Tanguigue (Spanish Mackerel),300 kg,299,52.2,160,,,
2025/4/17,Tulingan (Frigate Tuna),656 kg,250,52.2,160,,,
2025/4/18,Alumahan (Striped Mackerel),"1,404 kg",150,52.2,160,,,
2025/4/18,Bangus (Milk Fish),72 kg,200,52.2,160,,,
2025/4/18,Bariles (Yellow Fin Tuna),706 kg,250,52.2,160,,,
2025/4/18,Culisi (Nemipterid),"2,181 Kg",140,52.2,160,,,
2025/4/18,Galunggong (Round Scad),"1,631 kg",180,52.2,160,,,
2025/4/18,Gulyasan or puyan (Skipjack tuna),"1,084 kg",200,52.2,160,,,
2025/4/18,Lapu-lapu (Grouper),16 kg,300,52.2,160,,,
2025/4/18,Malasugi (Blue Marlin),795 kg,310,52.2,160,,,
2025/4/18,Matang Baka (Big-eyed Scads),"2,750 kg",200,52.2,160,,,
2025/4/18,Maya-maya (Snapper),19 kg,200,52.2,160,,,
2025/4/18,Mulmul (Parrot Fish),102 kg,180,52.2,160,,,
2025/4/18,Samaral (Siganid),51 kg,250,52.2,160,,,
2025/4/18,Talakitok (Crevalle),42 kg,250,52.2,160,,,
2025/4/18,Tamban (Indian Sardines),"17,987 kg",90,52.2,160,,,
2025/4/18,Sting Ray,239 kg,90,52.2,160,,,
2025/4/18,Tanguigue (Spanish Mackerel),300 kg,299,52.2,160,,,
2025/4/18,Tulingan (Frigate Tuna),656 kg,250,52.2,160,,,
2025/4/19,Alumahan (Striped Mackerel),"1,404 kg",150,52.2,160,,,
2025/4/19,Bangus (Milk Fish),72 kg,200,52.2,160,,,
2025/4/19,Bariles (Yellow Fin Tuna),706 kg,250,52.2,160,,,
2025/4/19,Culisi (Nemipterid),"2,181 Kg",140,52.2,160,,,
2025/4/19,Galunggong (Round Scad),"1,631 kg",180,52.2,160,,,
2025/4/19,Gulyasan or puyan (Skipjack tuna),"1,084 kg",200,52.2,160,,,
2025/4/19,Lapu-lapu (Grouper),16 kg,300,52.2,160,,,
2025/4/19,Malasugi (Blue Marlin),795 kg,310,52.2,160,,,
2025/4/19,Matang Baka (Big-eyed Scads),"2,750 kg",200,52.2,160,,,
2025/4/19,Maya-maya (Snapper),19 kg,200,52.2,160,,,
2025/4/19,Mulmul (Parrot Fish),102 kg,180,52.2,160,,,
2025/4/19,Samaral (Siganid),51 kg,250,52.2,160,,,
2025/4/19,Talakitok (Crevalle),42 kg,250,52.2,160,,,
2025/4/19,Tamban (Indian Sardines),"17,987 kg",90,52.2,160,,,
2025/4/19,Sting Ray,239 kg,90,52.2,160,,,
2025/4/19,Tanguigue (Spanish Mackerel),300 kg,299,52.2,160,,,
2025/4/19,Tulingan (Frigate Tuna),656 kg,250,52.2,160,,,
2025/4/20,Alumahan (Striped Mackerel),"1,404 kg",150,52.2,160,,,
2025/4/20,Bangus (Milk Fish),72 kg,200,52.2,160,,,
2025/4/20,Bariles (Yellow Fin Tuna),706 kg,250,52.2,160,,,
2025/4/20,Culisi (Nemipterid),"2,181 Kg",140,52.2,160,,,
2025/4/20,Galunggong (Round Scad),"1,631 kg",180,52.2,160,,,
2025/4/20,Gulyasan or puyan (Skipjack tuna),"1,084 kg",200,52.2,160,,,
2025/4/20,Lapu-lapu (Grouper),16 kg,300,52.2,160,,,
2025/4/20,Malasugi (Blue Marlin),795 kg,310,52.2,160,,,
2025/4/20,Matang Baka (Big-eyed Scads),"2,750 kg",200,52.2,160,,,
2025/4/20,Maya-maya (Snapper),19 kg,200,52.2,160,,,
2025/4/20,Mulmul (Parrot Fish),102 kg,180,52.2,160,,,
2025/4/20,Samaral (Siganid),51 kg,250,52.2,160,,,
2025/4/20,Talakitok (Crevalle),42 kg,250,52.2,160,,,
2025/4/20,Tamban (Indian Sardines),"17,987 kg",90,52.2,160,,,
2025/4/20,Sting Ray,239 kg,90,52.2,160,,,
2025/4/20,Tanguigue (Spanish Mackerel),300 kg,299,52.2,160,,,
2025/4/20,Tulingan (Frigate Tuna),656 kg,250,52.2,160,,,
2025/4/21,Alumahan (Striped Mackerel),"1,404 kg",160,52.2,160,,,
2025/4/21,Bangus (Milk Fish),72 kg,210,52.2,160,,,
2025/4/21,Bariles (Yellow Fin Tuna),706 kg,260,52.2,160,,,
2025/4/21,Culisi (Nemipterid),"2,181 Kg",150,52.2,160,,,
2025/4/21,Galunggong (Round Scad),"1,631 kg",190,52.2,160,,,
2025/4/21,Gulyasan or puyan (Skipjack tuna),"1,084 kg",210,52.2,160,,,
2025/4/21,Lapu-lapu (Grouper),16 kg,310,52.2,160,,,
2025/4/21,Malasugi (Blue Marlin),795 kg,320,52.2,160,,,
2025/4/21,Matang Baka (Big-eyed Scads),"2,750 kg",210,52.2,160,,,
2025/4/21,Maya-maya (Snapper),19 kg,210,52.2,160,,,
2025/4/21,Mulmul (Parrot Fish),102 kg,190,52.2,160,,,
2025/4/21,Samaral (Siganid),51 kg,260,52.2,160,,,
2025/4/21,Talakitok (Crevalle),42 kg,260,52.2,160,,,
2025/4/21,Tamban (Indian Sardines),"17,987 kg",100,52.2,160,,,
2025/4/21,Sting Ray,239 kg,100,52.2,160,,,
2025/4/21,Tanguigue (Spanish Mackerel),300 kg,309,52.2,160,,,
2025/4/21,Tulingan (Frigate Tuna),656 kg,260,52.2,160,,,
2025/4/22,Alumahan (Striped Mackerel),"1,404 kg",160,53.5,160,,,
2025/4/22,Bangus (Milk Fish),72 kg,210,53.5,160,,,
2025/4/22,Bariles (Yellow Fin Tuna),706 kg,260,53.5,160,,,
2025/4/22,Culisi (Nemipterid),"2,181 Kg",150,53.5,160,,,
2025/4/22,Galunggong (Round Scad),"1,631 kg",190,53.5,160,,,
2025/4/22,Gulyasan or puyan (Skipjack tuna),"1,084 kg",210,53.5,160,,,
2025/4/22,Lapu-lapu (Grouper),16 kg,310,53.5,160,,,
2025/4/22,Malasugi (Blue Marlin),795 kg,320,53.5,160,,,
2025/4/22,Matang Baka (Big-eyed Scads),"2,750 kg",210,53.5,160,,,
2025/4/22,Maya-maya (Snapper),19 kg,210,53.5,160,,,
2025/4/22,Mulmul (Parrot Fish),102 kg,190,53.5,160,,,
2025/4/22,Samaral (Siganid),51 kg,260,53.5,160,,,
2025/4/22,Talakitok (Crevalle),42 kg,260,53.5,160,,,
2025/4/22,Tamban (Indian Sardines),"17,987 kg",100,53.5,160,,,
2025/4/22,Sting Ray,239 kg,100,53.5,160,,,
2025/4/22,Tanguigue (Spanish Mackerel),300 kg,309,53.5,160,,,
2025/4/22,Tulingan (Frigate Tuna),656 kg,260,53.5,160,,,
2025/4/23,Alumahan (Striped Mackerel),"1,404 kg",160,53.5,160,,,
2025/4/23,Bangus (Milk Fish),72 kg,210,53.5,160,,,
2025/4/23,Bariles (Yellow Fin Tuna),706 kg,260,53.5,160,,,
2025/4/23,Culisi (Nemipterid),"2,181 Kg",150,53.5,160,,,
2025/4/23,Galunggong (Round Scad),"1,631 kg",190,53.5,160,,,
2025/4/23,Gulyasan or puyan (Skipjack tuna),"1,084 kg",210,53.5,160,,,
2025/4/23,Lapu-lapu (Grouper),16 kg,310,53.5,160,,,
2025/4/23,Malasugi (Blue Marlin),795 kg,320,53.5,160,,,
2025/4/23,Matang Baka (Big-eyed Scads),"2,750 kg",210,53.5,160,,,
2025/4/23,Maya-maya (Snapper),19 kg,210,53.5,160,,,
2025/4/23,Mulmul (Parrot Fish),102 kg,190,53.5,160,,,
2025/4/23,Samaral (Siganid),51 kg,260,53.5,160,,,
2025/4/23,Talakitok (Crevalle),42 kg,260,53.5,160,,,
2025/4/23,Tamban (Indian Sardines),"17,987 kg",100,53.5,160,,,
2025/4/23,Sting Ray,239 kg,100,53.5,160,,,
2025/4/23,Tanguigue (Spanish Mackerel),300 kg,309,53.5,160,,,
2025/4/23,Tulingan (Frigate Tuna),656 kg,260,53.5,160,,,
2025/4/24,Alumahan (Striped Mackerel),"1,404 kg",160,53.5,160,,,
2025/4/24,Bangus (Milk Fish),72 kg,210,53.5,160,,,
2025/4/24,Bariles (Yellow Fin Tuna),706 kg,260,53.5,160,,,
2025/4/24,Culisi (Nemipterid),"2,181 Kg",150,53.5,160,,,
2025/4/24,Galunggong (Round Scad),"1,631 kg",190,53.5,160,,,
2025/4/24,Gulyasan or puyan (Skipjack tuna),"1,084 kg",210,53.5,160,,,
2025/4/24,Lapu-lapu (Grouper),16 kg,310,53.5,160,,,
2025/4/24,Malasugi (Blue Marlin),795 kg,320,53.5,160,,,
2025/4/24,Matang Baka (Big-eyed Scads),"2,750 kg",210,53.5,160,,,
2025/4/24,Maya-maya (Snapper),19 kg,210,53.5,160,,,
2025/4/24,Mulmul (Parrot Fish),102 kg,190,53.5,160,,,
2025/4/24,Samaral (Siganid),51 kg,260,53.5,160,,,
2025/4/24,Talakitok (Crevalle),42 kg,260,53.5,160,,,
2025/4/24,Tamban (Indian Sardines),"17,987 kg",100,53.5,160,,,
2025/4/24,Sting Ray,239 kg,100,53.5,160,,,
2025/4/24,Tanguigue (Spanish Mackerel),300 kg,309,53.5,160,,,
2025/4/24,Tulingan (Frigate Tuna),656 kg,260,53.5,160,,,
2025/4/25,Alumahan (Striped Mackerel),"1,404 kg",160,53.5,160,,,
2025/4/25,Bangus (Milk Fish),72 kg,210,53.5,160,,,
2025/4/25,Bariles (Yellow Fin Tuna),706 kg,260,53.5,160,,,
2025/4/25,Culisi (Nemipterid),"2,181 Kg",150,53.5,160,,,
2025/4/25,Galunggong (Round Scad),"1,631 kg",190,53.5,160,,,
2025/4/25,Gulyasan or puyan (Skipjack tuna),"1,084 kg",210,53.5,160,,,
2025/4/25,Lapu-lapu (Grouper),16 kg,310,53.5,160,,,
2025/4/25,Malasugi (Blue Marlin),795 kg,320,53.5,160,,,
2025/4/25,Matang Baka (Big-eyed Scads),"2,750 kg",210,53.5,160,,,
2025/4/25,Maya-maya (Snapper),19 kg,210,53.5,160,,,
2025/4/25,Mulmul (Parrot Fish),102 kg,190,53.5,160,,,
2025/4/25,Samaral (Siganid),51 kg,260,53.5,160,,,
2025/4/25,Talakitok (Crevalle),42 kg,260,53.5,160,,,
2025/4/25,Tamban (Indian Sardines),"17,987 kg",100,53.5,160,,,
2025/4/25,Sting Ray,239 kg,100,53.5,160,,,
2025/4/25,Tanguigue (Spanish Mackerel),300 kg,309,53.5,160,,,
2025/4/25,Tulingan (Frigate Tuna),656 kg,260,53.5,160,,,
2025/4/26,Alumahan (Striped Mackerel),"1,404 kg",140,53.5,160,,,
2025/4/26,Bangus (Milk Fish),72 kg,190,53.5,160,,,
2025/4/26,Bariles (Yellow Fin Tuna),706 kg,240,53.5,160,,,
2025/4/26,Culisi (Nemipterid),"2,181 Kg",130,53.5,160,,,
2025/4/26,Galunggong (Round Scad),"1,631 kg",170,53.5,160,,,
2025/4/26,Gulyasan or puyan (Skipjack tuna),"1,084 kg",190,53.5,160,,,
2025/4/26,Lapu-lapu (Grouper),16 kg,290,53.5,160,,,
2025/4/26,Malasugi (Blue Marlin),795 kg,300,53.5,160,,,
2025/4/26,Matang Baka (Big-eyed Scads),"2,750 kg",190,53.5,160,,,
2025/4/26,Maya-maya (Snapper),19 kg,190,53.5,160,,,
2025/4/26,Mulmul (Parrot Fish),102 kg,170,53.5,160,,,
2025/4/26,Samaral (Siganid),51 kg,240,53.5,160,,,
2025/4/26,Talakitok (Crevalle),42 kg,240,53.5,160,,,
2025/4/26,Tamban (Indian Sardines),"17,987 kg",80,53.5,160,,,
2025/4/26,Sting Ray,239 kg,80,53.5,160,,,
2025/4/26,Tanguigue (Spanish Mackerel),300 kg,289,53.5,160,,,
2025/4/26,Tulingan (Frigate Tuna),656 kg,240,53.5,160,,,
2025/4/27,Alumahan (Striped Mackerel),"1,404 kg",140,53.5,160,,,
2025/4/27,Bangus (Milk Fish),72 kg,190,53.5,160,,,
2025/4/27,Bariles (Yellow Fin Tuna),706 kg,240,53.5,160,,,
2025/4/27,Culisi (Nemipterid),"2,181 Kg",130,53.5,160,,,
2025/4/27,Galunggong (Round Scad),"1,631 kg",170,53.5,160,,,
2025/4/27,Gulyasan or puyan (Skipjack tuna),"1,084 kg",190,53.5,160,,,
2025/4/27,Lapu-lapu (Grouper),16 kg,290,53.5,160,,,
2025/4/27,Malasugi (Blue Marlin),795 kg,300,53.5,160,,,
2025/4/27,Matang Baka (Big-eyed Scads),"2,750 kg",190,53.5,160,,,
2025/4/27,Maya-maya (Snapper),19 kg,190,53.5,160,,,
2025/4/27,Mulmul (Parrot Fish),102 kg,170,53.5,160,,,
2025/4/27,Samaral (Siganid),51 kg,240,53.5,160,,,
2025/4/27,Talakitok (Crevalle),42 kg,240,53.5,160,,,
2025/4/27,Tamban (Indian Sardines),"17,987 kg",80,53.5,160,,,
2025/4/27,Sting Ray,239 kg,80,53.5,160,,,
2025/4/27,Tanguigue (Spanish Mackerel),300 kg,289,53.5,160,,,
2025/4/27,Tulingan (Frigate Tuna),656 kg,240,53.5,160,,,
2025/4/28,Alumahan (Striped Mackerel),"1,404 kg",140,53.5,160,,,
2025/4/28,Bangus (Milk Fish),72 kg,190,53.5,160,,,
2025/4/28,Bariles (Yellow Fin Tuna),706 kg,240,53.5,160,,,
2025/4/28,Culisi (Nemipterid),"2,181 Kg",130,53.5,160,,,
2025/4/28,Galunggong (Round Scad),"1,631 kg",170,53.5,160,,,
2025/4/28,Gulyasan or puyan (Skipjack tuna),"1,084 kg",190,53.5,160,,,
2025/4/28,Lapu-lapu (Grouper),16 kg,290,53.5,160,,,
2025/4/28,Malasugi (Blue Marlin),795 kg,300,53.5,160,,,
2025/4/28,Matang Baka (Big-eyed Scads),"2,750 kg",190,53.5,160,,,
2025/4/28,Maya-maya (Snapper),19 kg,190,53.5,160,,,
2025/4/28,Mulmul (Parrot Fish),102 kg,170,53.5,160,,,
2025/4/28,Samaral (Siganid),51 kg,240,53.5,160,,,
2025/4/28,Talakitok (Crevalle),42 kg,240,53.5,160,,,
2025/4/28,Tamban (Indian Sardines),"17,987 kg",80,53.5,160,,,
2025/4/28,Sting Ray,239 kg,80,53.5,160,,,
2025/4/28,Tanguigue (Spanish Mackerel),300 kg,289,53.5,160,,,
2025/4/28,Tulingan (Frigate Tuna),656 kg,240,53.5,160,,,
2025/4/29,Alumahan (Striped Mackerel),"1,404 kg",140,52.7,160,,,
2025/4/29,Bangus (Milk Fish),72 kg,190,52.7,160,,,
2025/4/29,Bariles (Yellow Fin Tuna),706 kg,240,52.7,160,,,
2025/4/29,Culisi (Nemipterid),"2,181 Kg",130,52.7,160,,,
2025/4/29,Galunggong (Round Scad),"1,631 kg",170,52.7,160,,,
2025/4/29,Gulyasan or puyan (Skipjack tuna),"1,084 kg",190,52.7,160,,,
2025/4/29,Lapu-lapu (Grouper),16 kg,290,52.7,160,,,
2025/4/29,Malasugi (Blue Marlin),795 kg,300,52.7,160,,,
2025/4/29,Matang Baka (Big-eyed Scads),"2,750 kg",190,52.7,160,,,
2025/4/29,Maya-maya (Snapper),19 kg,190,52.7,160,,,
2025/4/29,Mulmul (Parrot Fish),102 kg,170,52.7,160,,,
2025/4/29,Samaral (Siganid),51 kg,240,52.7,160,,,
2025/4/29,Talakitok (Crevalle),42 kg,240,52.7,160,,,
2025/4/29,Tamban (Indian Sardines),"17,987 kg",80,52.7,160,,,
2025/4/29,Sting Ray,239 kg,80,52.7,160,,,
2025/4/29,Tanguigue (Spanish Mackerel),300 kg,289,52.7,160,,,
2025/4/29,Tulingan (Frigate Tuna),656 kg,240,52.7,160,,,
2025/4/30,Alumahan (Striped Mackerel),"1,404 kg",140,52.7,160,,,
2025/4/30,Bangus (Milk Fish),72 kg,190,52.7,160,,,
2025/4/30,Bariles (Yellow Fin Tuna),706 kg,240,52.7,160,,,
2025/4/30,Culisi (Nemipterid),"2,181 Kg",130,52.7,160,,,
2025/4/30,Galunggong (Round Scad),"1,631 kg",170,52.7,160,,,
2025/4/30,Gulyasan or puyan (Skipjack tuna),"1,084 kg",190,52.7,160,,,
2025/4/30,Lapu-lapu (Grouper),16 kg,290,52.7,160,,,
2025/4/30,Malasugi (Blue Marlin),795 kg,300,52.7,160,,,
2025/4/30,Matang Baka (Big-eyed Scads),"2,750 kg",190,52.7,160,,,
2025/4/30,Maya-maya (Snapper),19 kg,190,52.7,160,,,
2025/4/30,Mulmul (Parrot Fish),102 kg,170,52.7,160,,,
2025/4/30,Samaral (Siganid),51 kg,240,52.7,160,,,
2025/4/30,Talakitok (Crevalle),42 kg,240,52.7,160,,,
2025/4/30,Tamban (Indian Sardines),"17,987 kg",80,52.7,160,,,
2025/4/30,Sting Ray,239 kg,80,52.7,160,,,
2025/4/30,Tanguigue (Spanish Mackerel),300 kg,289,52.7,160,,,
2025/4/30,Tulingan (Frigate Tuna),656 kg,240,52.7,160,,,
2025/5/1,Alumahan (Striped Mackerel),"1,404 kg",150,52.7,160,,,
2025/5/1,Bangus (Milk Fish),72 kg,200,52.7,160,,,
2025/5/1,Bariles (Yellow Fin Tuna),706 kg,250,52.7,160,,,
2025/5/1,Culisi (Nemipterid),"2,181 Kg",140,52.7,160,,,
2025/5/1,Galunggong (Round Scad),"1,631 kg",180,52.7,160,,,
2025/5/1,Gulyasan or puyan (Skipjack tuna),"1,084 kg",200,52.7,160,,,
2025/5/1,Lapu-lapu (Grouper),16 kg,300,52.7,160,,,
2025/5/1,Malasugi (Blue Marlin),795 kg,310,52.7,160,,,
2025/5/1,Matang Baka (Big-eyed Scads),"2,750 kg",200,52.7,160,,,
2025/5/1,Maya-maya (Snapper),19 kg,200,52.7,160,,,
2025/5/1,Mulmul (Parrot Fish),102 kg,180,52.7,160,,,
2025/5/1,Samaral (Siganid),51 kg,250,52.7,160,,,
2025/5/1,Talakitok (Crevalle),42 kg,250,52.7,160,,,
2025/5/1,Tamban (Indian Sardines),"17,987 kg",90,52.7,160,,,
2025/5/1,Sting Ray,239 kg,90,52.7,160,,,
2025/5/1,Tanguigue (Spanish Mackerel),300 kg,299,52.7,160,,,
2025/5/1,Tulingan (Frigate Tuna),656 kg,250,52.7,160,,,
2025/5/2,Alumahan (Striped Mackerel),"1,404 kg",150,52.7,160,,,
2025/5/2,Bangus (Milk Fish),72 kg,200,52.7,160,,,
2025/5/2,Bariles (Yellow Fin Tuna),706 kg,250,52.7,160,,,
2025/5/2,Culisi (Nemipterid),"2,181 Kg",140,52.7,160,,,
2025/5/2,Galunggong (Round Scad),"1,631 kg",180,52.7,160,,,
2025/5/2,Gulyasan or puyan (Skipjack tuna),"1,084 kg",200,52.7,160,,,
2025/5/2,Lapu-lapu (Grouper),16 kg,300,52.7,160,,,
2025/5/2,Malasugi (Blue Marlin),795 kg,310,52.7,160,,,
2025/5/2,Matang Baka (Big-eyed Scads),"2,750 kg",200,52.7,160,,,
2025/5/2,Maya-maya (Snapper),19 kg,200,52.7,160,,,
2025/5/2,Mulmul (Parrot Fish),102 kg,180,52.7,160,,,
2025/5/2,Samaral (Siganid),51 kg,250,52.7,160,,,
2025/5/2,Talakitok (Crevalle),42 kg,250,52.7,160,,,
2025/5/2,Tamban (Indian Sardines),"17,987 kg",90,52.7,160,,,
2025/5/2,Sting Ray,239 kg,90,52.7,160,,,
2025/5/2,Tanguigue (Spanish Mackerel),300 kg,299,52.7,160,,,
2025/5/2,Tulingan (Frigate Tuna),656 kg,250,52.7,160,,,
2025/5/3,Alumahan (Striped Mackerel),"1,404 kg",150,52.7,160,,,
2025/5/3,Bangus (Milk Fish),72 kg,200,52.7,160,,,
2025/5/3,Bariles (Yellow Fin Tuna),706 kg,250,52.7,160,,,
2025/5/3,Culisi (Nemipterid),"2,181 Kg",140,52.7,160,,,
2025/5/3,Galunggong (Round Scad),"1,631 kg",180,52.7,160,,,
2025/5/3,Gulyasan or puyan (Skipjack tuna),"1,084 kg",200,52.7,160,,,
2025/5/3,Lapu-lapu (Grouper),16 kg,300,52.7,160,,,
2025/5/3,Malasugi (Blue Marlin),795 kg,310,52.7,160,,,
2025/5/3,Matang Baka (Big-eyed Scads),"2,750 kg",200,52.7,160,,,
2025/5/3,Maya-maya (Snapper),19 kg,200,52.7,160,,,
2025/5/3,Mulmul (Parrot Fish),102 kg,180,52.7,160,,,
2025/5/3,Samaral (Siganid),51 kg,250,52.7,160,,,
2025/5/3,Talakitok (Crevalle),42 kg,250,52.7,160,,,
2025/5/3,Tamban (Indian Sardines),"17,987 kg",90,52.7,160,,,
2025/5/3,Sting Ray,239 kg,90,52.7,160,,,
2025/5/3,Tanguigue (Spanish Mackerel),300 kg,299,52.7,160,,,
2025/5/3,Tulingan (Frigate Tuna),656 kg,250,52.7,160,,,
2025/5/4,Alumahan (Striped Mackerel),"1,404 kg",150,52.7,160,,,
2025/5/4,Bangus (Milk Fish),72 kg,200,52.7,160,,,
2025/5/4,Bariles (Yellow Fin Tuna),706 kg,250,52.7,160,,,
2025/5/4,Culisi (Nemipterid),"2,181 Kg",140,52.7,160,,,
2025/5/4,Galunggong (Round Scad),"1,631 kg",180,52.7,160,,,
2025/5/4,Gulyasan or puyan (Skipjack tuna),"1,084 kg",200,52.7,160,,,
2025/5/4,Lapu-lapu (Grouper),16 kg,300,52.7,160,,,
2025/5/4,Malasugi (Blue Marlin),795 kg,310,52.7,160,,,
2025/5/4,Matang Baka (Big-eyed Scads),"2,750 kg",200,52.7,160,,,
2025/5/4,Maya-maya (Snapper),19 kg,200,52.7,160,,,
2025/5/4,Mulmul (Parrot Fish),102 kg,180,52.7,160,,,
2025/5/4,Samaral (Siganid),51 kg,250,52.7,160,,,
2025/5/4,Talakitok (Crevalle),42 kg,250,52.7,160,,,
2025/5/4,Tamban (Indian Sardines),"17,987 kg",90,52.7,160,,,
2025/5/4,Sting Ray,239 kg,90,52.7,160,,,
2025/5/4,Tanguigue (Spanish Mackerel),300 kg,299,52.7,160,,,
2025/5/4,Tulingan (Frigate Tuna),656 kg,250,52.7,160,,,
2025/5/5,Alumahan (Striped Mackerel),"1,404 kg",150,52.7,160,,,
2025/5/5,Bangus (Milk Fish),72 kg,200,52.7,160,,,
2025/5/5,Bariles (Yellow Fin Tuna),706 kg,250,52.7,160,,,
2025/5/5,Culisi (Nemipterid),"2,181 Kg",140,52.7,160,,,
2025/5/5,Galunggong (Round Scad),"1,631 kg",180,52.7,160,,,
2025/5/5,Gulyasan or puyan (Skipjack tuna),"1,084 kg",200,52.7,160,,,
2025/5/5,Lapu-lapu (Grouper),16 kg,300,52.7,160,,,
2025/5/5,Malasugi (Blue Marlin),795 kg,310,52.7,160,,,
2025/5/5,Matang Baka (Big-eyed Scads),"2,750 kg",200,52.7,160,,,
2025/5/5,Maya-maya (Snapper),19 kg,200,52.7,160,,,
2025/5/5,Mulmul (Parrot Fish),102 kg,180,52.7,160,,,
2025/5/5,Samaral (Siganid),51 kg,250,52.7,160,,,
2025/5/5,Talakitok (Crevalle),42 kg,250,52.7,160,,,
2025/5/5,Tamban (Indian Sardines),"17,987 kg",90,52.7,160,,,
2025/5/5,Sting Ray,239 kg,90,52.7,160,,,
2025/5/5,Tanguigue (Spanish Mackerel),300 kg,299,52.7,160,,,
2025/5/5,Tulingan (Frigate Tuna),656 kg,250,52.7,160,,,
2025/5/6,Alumahan (Striped Mackerel),"1,404 kg",160,52.05,160,,,
2025/5/6,Bangus (Milk Fish),72 kg,210,52.05,160,,,
2025/5/6,Bariles (Yellow Fin Tuna),706 kg,260,52.05,160,,,
2025/5/6,Culisi (Nemipterid),"2,181 Kg",150,52.05,160,,,
2025/5/6,Galunggong (Round Scad),"1,631 kg",190,52.05,160,,,
2025/5/6,Gulyasan or puyan (Skipjack tuna),"1,084 kg",210,52.05,160,,,
2025/5/6,Lapu-lapu (Grouper),16 kg,310,52.05,160,,,
2025/5/6,Malasugi (Blue Marlin),795 kg,320,52.05,160,,,
2025/5/6,Matang Baka (Big-eyed Scads),"2,750 kg",210,52.05,160,,,
2025/5/6,Maya-maya (Snapper),19 kg,210,52.05,160,,,
2025/5/6,Mulmul (Parrot Fish),102 kg,190,52.05,160,,,
2025/5/6,Samaral (Siganid),51 kg,260,52.05,160,,,
2025/5/6,Talakitok (Crevalle),42 kg,260,52.05,160,,,
2025/5/6,Tamban (Indian Sardines),"17,987 kg",100,52.05,160,,,
2025/5/6,Sting Ray,239 kg,100,52.05,160,,,
2025/5/6,Tanguigue (Spanish Mackerel),300 kg,309,52.05,160,,,
2025/5/6,Tulingan (Frigate Tuna),656 kg,260,52.05,160,,,
2025/5/7,Alumahan (Striped Mackerel),"1,404 kg",160,52.05,160,,,
2025/5/7,Bangus (Milk Fish),72 kg,210,52.05,160,,,
2025/5/7,Bariles (Yellow Fin Tuna),706 kg,260,52.05,160,,,
2025/5/7,Culisi (Nemipterid),"2,181 Kg",150,52.05,160,,,
2025/5/7,Galunggong (Round Scad),"1,631 kg",190,52.05,160,,,
2025/5/7,Gulyasan or puyan (Skipjack tuna),"1,084 kg",210,52.05,160,,,
2025/5/7,Lapu-lapu (Grouper),16 kg,310,52.05,160,,,
2025/5/7,Malasugi (Blue Marlin),795 kg,320,52.05,160,,,
2025/5/7,Matang Baka (Big-eyed Scads),"2,750 kg",210,52.05,160,,,
2025/5/7,Maya-maya (Snapper),19 kg,210,52.05,160,,,
2025/5/7,Mulmul (Parrot Fish),102 kg,190,52.05,160,,,
2025/5/7,Samaral (Siganid),51 kg,260,52.05,160,,,
2025/5/7,Talakitok (Crevalle),42 kg,260,52.05,160,,,
2025/5/7,Tamban (Indian Sardines),"17,987 kg",100,52.05,160,,,
2025/5/7,Sting Ray,239 kg,100,52.05,160,,,
2025/5/7,Tanguigue (Spanish Mackerel),300 kg,309,52.05,160,,,
2025/5/7,Tulingan (Frigate Tuna),656 kg,260,52.05,160,,,
2025/5/8,Alumahan (Striped Mackerel),"1,404 kg",160,52.05,160,,,
2025/5/8,Bangus (Milk Fish),72 kg,210,52.05,160,,,
2025/5/8,Bariles (Yellow Fin Tuna),706 kg,260,52.05,160,,,
2025/5/8,Culisi (Nemipterid),"2,181 Kg",150,52.05,160,,,
2025/5/8,Galunggong (Round Scad),"1,631 kg",190,52.05,160,,,
2025/5/8,Gulyasan or puyan (Skipjack tuna),"1,084 kg",210,52.05,160,,,
2025/5/8,Lapu-lapu (Grouper),16 kg,310,52.05,160,,,
2025/5/8,Malasugi (Blue Marlin),795 kg,320,52.05,160,,,
2025/5/8,Matang Baka (Big-eyed Scads),"2,750 kg",210,52.05,160,,,
2025/5/8,Maya-maya (Snapper),19 kg,210,52.05,160,,,
2025/5/8,Mulmul (Parrot Fish),102 kg,190,52.05,160,,,
2025/5/8,Samaral (Siganid),51 kg,260,52.05,160,,,
2025/5/8,Talakitok (Crevalle),42 kg,260,52.05,160,,,
2025/5/8,Tamban (Indian Sardines),"17,987 kg",100,52.05,160,,,
2025/5/8,Sting Ray,239 kg,100,52.05,160,,,
2025/5/8,Tanguigue (Spanish Mackerel),300 kg,309,52.05,160,,,
2025/5/8,Tulingan (Frigate Tuna),656 kg,260,52.05,160,,,
2025/5/9,Alumahan (Striped Mackerel),"1,404 kg",160,52.05,160,,,
2025/5/9,Bangus (Milk Fish),72 kg,210,52.05,160,,,
2025/5/9,Bariles (Yellow Fin Tuna),706 kg,260,52.05,160,,,
2025/5/9,Culisi (Nemipterid),"2,181 Kg",150,52.05,160,,,
2025/5/9,Galunggong (Round Scad),"1,631 kg",190,52.05,160,,,
2025/5/9,Gulyasan or puyan (Skipjack tuna),"1,084 kg",210,52.05,160,,,
2025/5/9,Lapu-lapu (Grouper),16 kg,310,52.05,160,,,
2025/5/9,Malasugi (Blue Marlin),795 kg,320,52.05,160,,,
2025/5/9,Matang Baka (Big-eyed Scads),"2,750 kg",210,52.05,160,,,
2025/5/9,Maya-maya (Snapper),19 kg,210,52.05,160,,,
2025/5/9,Mulmul (Parrot Fish),102 kg,190,52.05,160,,,
2025/5/9,Samaral (Siganid),51 kg,260,52.05,160,,,
2025/5/9,Talakitok (Crevalle),42 kg,260,52.05,160,,,
2025/5/9,Tamban (Indian Sardines),"17,987 kg",100,52.05,160,,,
2025/5/9,Sting Ray,239 kg,100,52.05,160,,,
2025/5/9,Tanguigue (Spanish Mackerel),300 kg,309,52.05,160,,,
2025/5/9,Tulingan (Frigate Tuna),656 kg,260,52.05,160,,,
2025/5/10,Alumahan (Striped Mackerel),"1,404 kg",160,52.05,160,,,
2025/5/10,Bangus (Milk Fish),72 kg,210,52.05,160,,,
2025/5/10,Bariles (Yellow Fin Tuna),706 kg,260,52.05,160,,,
2025/5/10,Culisi (Nemipterid),"2,181 Kg",150,52.05,160,,,
2025/5/10,Galunggong (Round Scad),"1,631 kg",190,52.05,160,,,
2025/5/10,Gulyasan or puyan (Skipjack tuna),"1,084 kg",210,52.05,160,,,
2025/5/10,Lapu-lapu (Grouper),16 kg,310,52.05,160,,,
2025/5/10,Malasugi (Blue Marlin),795 kg,320,52.05,160,,,
2025/5/10,Matang Baka (Big-eyed Scads),"2,750 kg",210,52.05,160,,,
2025/5/10,Maya-maya (Snapper),19 kg,210,52.05,160,,,
2025/5/10,Mulmul (Parrot Fish),102 kg,190,52.05,160,,,
2025/5/10,Samaral (Siganid),51 kg,260,52.05,160,,,
2025/5/10,Talakitok (Crevalle),42 kg,260,52.05,160,,,
2025/5/10,Tamban (Indian Sardines),"17,987 kg",100,52.05,160,,,
2025/5/10,Sting Ray,239 kg,100,52.05,160,,,
2025/5/10,Tanguigue (Spanish Mackerel),300 kg,309,52.05,160,,,
2025/5/10,Tulingan (Frigate Tuna),656 kg,260,52.05,160,,,
2025/5/11,Alumahan (Striped Mackerel),"1,404 kg",140,52.05,160,,,
2025/5/11,Bangus (Milk Fish),72 kg,190,52.05,160,,,
2025/5/11,Bariles (Yellow Fin Tuna),706 kg,240,52.05,160,,,
2025/5/11,Culisi (Nemipterid),"2,181 Kg",130,52.05,160,,,
2025/5/11,Galunggong (Round Scad),"1,631 kg",170,52.05,160,,,
2025/5/11,Gulyasan or puyan (Skipjack tuna),"1,084 kg",190,52.05,160,,,
2025/5/11,Lapu-lapu (Grouper),16 kg,290,52.05,160,,,
2025/5/11,Malasugi (Blue Marlin),795 kg,300,52.05,160,,,
2025/5/11,Matang Baka (Big-eyed Scads),"2,750 kg",190,52.05,160,,,
2025/5/11,Maya-maya (Snapper),19 kg,190,52.05,160,,,
2025/5/11,Mulmul (Parrot Fish),102 kg,170,52.05,160,,,
2025/5/11,Samaral (Siganid),51 kg,240,52.05,160,,,
2025/5/11,Talakitok (Crevalle),42 kg,240,52.05,160,,,
2025/5/11,Tamban (Indian Sardines),"17,987 kg",80,52.05,160,,,
2025/5/11,Sting Ray,239 kg,80,52.05,160,,,
2025/5/11,Tanguigue (Spanish Mackerel),300 kg,289,52.05,160,,,
2025/5/11,Tulingan (Frigate Tuna),656 kg,240,52.05,160,,,
2025/5/12,Alumahan (Striped Mackerel),"1,404 kg",140,52.05,160,,,
2025/5/12,Bangus (Milk Fish),72 kg,190,52.05,160,,,
2025/5/12,Bariles (Yellow Fin Tuna),706 kg,240,52.05,160,,,
2025/5/12,Culisi (Nemipterid),"2,181 Kg",130,52.05,160,,,
2025/5/12,Galunggong (Round Scad),"1,631 kg",170,52.05,160,,,
2025/5/12,Gulyasan or puyan (Skipjack tuna),"1,084 kg",190,52.05,160,,,
2025/5/12,Lapu-lapu (Grouper),16 kg,290,52.05,160,,,
2025/5/12,Malasugi (Blue Marlin),795 kg,300,52.05,160,,,
2025/5/12,Matang Baka (Big-eyed Scads),"2,750 kg",190,52.05,160,,,
2025/5/12,Maya-maya (Snapper),19 kg,190,52.05,160,,,
2025/5/12,Mulmul (Parrot Fish),102 kg,170,52.05,160,,,
2025/5/12,Samaral (Siganid),51 kg,240,52.05,160,,,
2025/5/12,Talakitok (Crevalle),42 kg,240,52.05,160,,,
2025/5/12,Tamban (Indian Sardines),"17,987 kg",80,52.05,160,,,
2025/5/12,Sting Ray,239 kg,80,52.05,160,,,
2025/5/12,Tanguigue (Spanish Mackerel),300 kg,289,52.05,160,,,
2025/5/12,Tulingan (Frigate Tuna),656 kg,240,52.05,160,,,
2025/5/13,Alumahan (Striped Mackerel),"1,404 kg",140,51.15,160,,,
2025/5/13,Bangus (Milk Fish),72 kg,190,51.15,160,,,
2025/5/13,Bariles (Yellow Fin Tuna),706 kg,240,51.15,160,,,
2025/5/13,Culisi (Nemipterid),"2,181 Kg",130,51.15,160,,,
2025/5/13,Galunggong (Round Scad),"1,631 kg",170,51.15,160,,,
2025/5/13,Gulyasan or puyan (Skipjack tuna),"1,084 kg",190,51.15,160,,,
2025/5/13,Lapu-lapu (Grouper),16 kg,290,51.15,160,,,
2025/5/13,Malasugi (Blue Marlin),795 kg,300,51.15,160,,,
2025/5/13,Matang Baka (Big-eyed Scads),"2,750 kg",190,51.15,160,,,
2025/5/13,Maya-maya (Snapper),19 kg,190,51.15,160,,,
2025/5/13,Mulmul (Parrot Fish),102 kg,170,51.15,160,,,
2025/5/13,Samaral (Siganid),51 kg,240,51.15,160,,,
2025/5/13,Talakitok (Crevalle),42 kg,240,51.15,160,,,
2025/5/13,Tamban (Indian Sardines),"17,987 kg",80,51.15,160,,,
2025/5/13,Sting Ray,239 kg,80,51.15,160,,,
2025/5/13,Tanguigue (Spanish Mackerel),300 kg,289,51.15,160,,,
2025/5/13,Tulingan (Frigate Tuna),656 kg,240,51.15,160,,,
2025/5/14,Alumahan (Striped Mackerel),"1,404 kg",140,51.15,160,,,
2025/5/14,Bangus (Milk Fish),72 kg,190,51.15,160,,,
2025/5/14,Bariles (Yellow Fin Tuna),706 kg,240,51.15,160,,,
2025/5/14,Culisi (Nemipterid),"2,181 Kg",130,51.15,160,,,
2025/5/14,Galunggong (Round Scad),"1,631 kg",170,51.15,160,,,
2025/5/14,Gulyasan or puyan (Skipjack tuna),"1,084 kg",190,51.15,160,,,
2025/5/14,Lapu-lapu (Grouper),16 kg,290,51.15,160,,,
2025/5/14,Malasugi (Blue Marlin),795 kg,300,51.15,160,,,
2025/5/14,Matang Baka (Big-eyed Scads),"2,750 kg",190,51.15,160,,,
2025/5/14,Maya-maya (Snapper),19 kg,190,51.15,160,,,
2025/5/14,Mulmul (Parrot Fish),102 kg,170,51.15,160,,,
2025/5/14,Samaral (Siganid),51 kg,240,51.15,160,,,
2025/5/14,Talakitok (Crevalle),42 kg,240,51.15,160,,,
2025/5/14,Tamban (Indian Sardines),"17,987 kg",80,51.15,160,,,
2025/5/14,Sting Ray,239 kg,80,51.15,160,,,
2025/5/14,Tanguigue (Spanish Mackerel),300 kg,289,51.15,160,,,
2025/5/14,Tulingan (Frigate Tuna),656 kg,240,51.15,160,,,
2025/5/15,Alumahan (Striped Mackerel),"1,404 kg",140,51.15,160,,,
2025/5/15,Bangus (Milk Fish),72 kg,190,51.15,160,,,
2025/5/15,Bariles (Yellow Fin Tuna),706 kg,240,51.15,160,,,
2025/5/15,Culisi (Nemipterid),"2,181 Kg",130,51.15,160,,,
2025/5/15,Galunggong (Round Scad),"1,631 kg",170,51.15,160,,,
2025/5/15,Gulyasan or puyan (Skipjack tuna),"1,084 kg",190,51.15,160,,,
2025/5/15,Lapu-lapu (Grouper),16 kg,290,51.15,160,,,
2025/5/15,Malasugi (Blue Marlin),795 kg,300,51.15,160,,,
2025/5/15,Matang Baka (Big-eyed Scads),"2,750 kg",190,51.15,160,,,
2025/5/15,Maya-maya (Snapper),19 kg,190,51.15,160,,,
2025/5/15,Mulmul (Parrot Fish),102 kg,170,51.15,160,,,
2025/5/15,Samaral (Siganid),51 kg,240,51.15,160,,,
2025/5/15,Talakitok (Crevalle),42 kg,240,51.15,160,,,
2025/5/15,Tamban (Indian Sardines),"17,987 kg",80,51.15,160,,,
2025/5/15,Sting Ray,239 kg,80,51.15,160,,,
2025/5/15,Tanguigue (Spanish Mackerel),300 kg,289,51.15,160,,,
2025/5/15,Tulingan (Frigate Tuna),656 kg,240,51.15,160,,,
2025/5/16,Alumahan (Striped Mackerel),"1,404 kg",150,51.15,160,,,
2025/5/16,Bangus (Milk Fish),72 kg,200,51.15,160,,,
2025/5/16,Bariles (Yellow Fin Tuna),706 kg,250,51.15,160,,,
2025/5/16,Culisi (Nemipterid),"2,181 Kg",140,51.15,160,,,
2025/5/16,Galunggong (Round Scad),"1,631 kg",180,51.15,160,,,
2025/5/16,Gulyasan or puyan (Skipjack tuna),"1,084 kg",200,51.15,160,,,
2025/5/16,Lapu-lapu (Grouper),16 kg,300,51.15,160,,,
2025/5/16,Malasugi (Blue Marlin),795 kg,310,51.15,160,,,
2025/5/16,Matang Baka (Big-eyed Scads),"2,750 kg",200,51.15,160,,,
2025/5/16,Maya-maya (Snapper),19 kg,200,51.15,160,,,
2025/5/16,Mulmul (Parrot Fish),102 kg,180,51.15,160,,,
2025/5/16,Samaral (Siganid),51 kg,250,51.15,160,,,
2025/5/16,Talakitok (Crevalle),42 kg,250,51.15,160,,,
2025/5/16,Tamban (Indian Sardines),"17,987 kg",90,51.15,160,,,
2025/5/16,Sting Ray,239 kg,90,51.15,160,,,
2025/5/16,Tanguigue (Spanish Mackerel),300 kg,299,51.15,160,,,
2025/5/16,Tulingan (Frigate Tuna),656 kg,250,51.15,160,,,
2025/5/17,Alumahan (Striped Mackerel),"1,404 kg",150,51.15,160,,,
2025/5/17,Bangus (Milk Fish),72 kg,200,51.15,160,,,
2025/5/17,Bariles (Yellow Fin Tuna),706 kg,250,51.15,160,,,
2025/5/17,Culisi (Nemipterid),"2,181 Kg",140,51.15,160,,,
2025/5/17,Galunggong (Round Scad),"1,631 kg",180,51.15,160,,,
2025/5/17,Gulyasan or puyan (Skipjack tuna),"1,084 kg",200,51.15,160,,,
2025/5/17,Lapu-lapu (Grouper),16 kg,300,51.15,160,,,
2025/5/17,Malasugi (Blue Marlin),795 kg,310,51.15,160,,,
2025/5/17,Matang Baka (Big-eyed Scads),"2,750 kg",200,51.15,160,,,
2025/5/17,Maya-maya (Snapper),19 kg,200,51.15,160,,,
2025/5/17,Mulmul (Parrot Fish),102 kg,180,51.15,160,,,
2025/5/17,Samaral (Siganid),51 kg,250,51.15,160,,,
2025/5/17,Talakitok (Crevalle),42 kg,250,51.15,160,,,
2025/5/17,Tamban (Indian Sardines),"17,987 kg",90,51.15,160,,,
2025/5/17,Sting Ray,239 kg,90,51.15,160,,,
2025/5/17,Tanguigue (Spanish Mackerel),300 kg,299,51.15,160,,,
2025/5/17,Tulingan (Frigate Tuna),656 kg,250,51.15,160,,,
2025/5/18,Alumahan (Striped Mackerel),"1,404 kg",150,51.15,160,,,
2025/5/18,Bangus (Milk Fish),72 kg,200,51.15,160,,,
2025/5/18,Bariles (Yellow Fin Tuna),706 kg,250,51.15,160,,,
2025/5/18,Culisi (Nemipterid),"2,181 Kg",140,51.15,160,,,
2025/5/18,Galunggong (Round Scad),"1,631 kg",180,51.15,160,,,
2025/5/18,Gulyasan or puyan (Skipjack tuna),"1,084 kg",200,51.15,160,,,
2025/5/18,Lapu-lapu (Grouper),16 kg,300,51.15,160,,,
2025/5/18,Malasugi (Blue Marlin),795 kg,310,51.15,160,,,
2025/5/18,Matang Baka (Big-eyed Scads),"2,750 kg",200,51.15,160,,,
2025/5/18,Maya-maya (Snapper),19 kg,200,51.15,160,,,
2025/5/18,Mulmul (Parrot Fish),102 kg,180,51.15,160,,,
2025/5/18,Samaral (Siganid),51 kg,250,51.15,160,,,
2025/5/18,Talakitok (Crevalle),42 kg,250,51.15,160,,,
2025/5/18,Tamban (Indian Sardines),"17,987 kg",90,51.15,160,,,
2025/5/18,Sting Ray,239 kg,90,51.15,160,,,
2025/5/18,Tanguigue (Spanish Mackerel),300 kg,299,51.15,160,,,
2025/5/18,Tulingan (Frigate Tuna),656 kg,250,51.15,160,,,
2025/5/19,Alumahan (Striped Mackerel),"1,404 kg",150,51.15,160,,,
2025/5/19,Bangus (Milk Fish),72 kg,200,51.15,160,,,
2025/5/19,Bariles (Yellow Fin Tuna),706 kg,250,51.15,160,,,
2025/5/19,Culisi (Nemipterid),"2,181 Kg",140,51.15,160,,,
2025/5/19,Galunggong (Round Scad),"1,631 kg",180,51.15,160,,,
2025/5/19,Gulyasan or puyan (Skipjack tuna),"1,084 kg",200,51.15,160,,,
2025/5/19,Lapu-lapu (Grouper),16 kg,300,51.15,160,,,
2025/5/19,Malasugi (Blue Marlin),795 kg,310,51.15,160,,,
2025/5/19,Matang Baka (Big-eyed Scads),"2,750 kg",200,51.15,160,,,
2025/5/19,Maya-maya (Snapper),19 kg,200,51.15,160,,,
2025/5/19,Mulmul (Parrot Fish),102 kg,180,51.15,160,,,
2025/5/19,Samaral (Siganid),51 kg,250,51.15,160,,,
2025/5/19,Talakitok (Crevalle),42 kg,250,51.15,160,,,
2025/5/19,Tamban (Indian Sardines),"17,987 kg",90,51.15,160,,,
2025/5/19,Sting Ray,239 kg,90,51.15,160,,,
2025/5/19,Tanguigue (Spanish Mackerel),300 kg,299,51.15,160,,,
2025/5/19,Tulingan (Frigate Tuna),656 kg,250,51.15,160,,,
2025/5/20,Alumahan (Striped Mackerel),"1,404 kg",150,52.85,160,,,
2025/5/20,Bangus (Milk Fish),72 kg,200,52.85,160,,,
2025/5/20,Bariles (Yellow Fin Tuna),706 kg,250,52.85,160,,,
2025/5/20,Culisi (Nemipterid),"2,181 Kg",140,52.85,160,,,
2025/5/20,Galunggong (Round Scad),"1,631 kg",180,52.85,160,,,
2025/5/20,Gulyasan or puyan (Skipjack tuna),"1,084 kg",200,52.85,160,,,
2025/5/20,Lapu-lapu (Grouper),16 kg,300,52.85,160,,,
2025/5/20,Malasugi (Blue Marlin),795 kg,310,52.85,160,,,
2025/5/20,Matang Baka (Big-eyed Scads),"2,750 kg",200,52.85,160,,,
2025/5/20,Maya-maya (Snapper),19 kg,200,52.85,160,,,
2025/5/20,Mulmul (Parrot Fish),102 kg,180,52.85,160,,,
2025/5/20,Samaral (Siganid),51 kg,250,52.85,160,,,
2025/5/20,Talakitok (Crevalle),42 kg,250,52.85,160,,,
2025/5/20,Tamban (Indian Sardines),"17,987 kg",90,52.85,160,,,
2025/5/20,Sting Ray,239 kg,90,52.85,160,,,
2025/5/20,Tanguigue (Spanish Mackerel),300 kg,299,52.85,160,,,
2025/5/20,Tulingan (Frigate Tuna),656 kg,250,52.85,160,,,
2025/5/21,Alumahan (Striped Mackerel),"1,404 kg",160,52.85,160,,,
2025/5/21,Bangus (Milk Fish),72 kg,210,52.85,160,,,
2025/5/21,Bariles (Yellow Fin Tuna),706 kg,260,52.85,160,,,
2025/5/21,Culisi (Nemipterid),"2,181 Kg",150,52.85,160,,,
2025/5/21,Galunggong (Round Scad),"1,631 kg",190,52.85,160,,,
2025/5/21,Gulyasan or puyan (Skipjack tuna),"1,084 kg",210,52.85,160,,,
2025/5/21,Lapu-lapu (Grouper),16 kg,310,52.85,160,,,
2025/5/21,Malasugi (Blue Marlin),795 kg,320,52.85,160,,,
2025/5/21,Matang Baka (Big-eyed Scads),"2,750 kg",210,52.85,160,,,
2025/5/21,Maya-maya (Snapper),19 kg,210,52.85,160,,,
2025/5/21,Mulmul (Parrot Fish),102 kg,190,52.85,160,,,
2025/5/21,Samaral (Siganid),51 kg,260,52.85,160,,,
2025/5/21,Talakitok (Crevalle),42 kg,260,52.85,160,,,
2025/5/21,Tamban (Indian Sardines),"17,987 kg",100,52.85,160,,,
2025/5/21,Sting Ray,239 kg,100,52.85,160,,,
2025/5/21,Tanguigue (Spanish Mackerel),300 kg,309,52.85,160,,,
2025/5/21,Tulingan (Frigate Tuna),656 kg,260,52.85,160,,,
2025/5/22,Alumahan (Striped Mackerel),"1,404 kg",160,52.85,160,,,
2025/5/22,Bangus (Milk Fish),72 kg,210,52.85,160,,,
2025/5/22,Bariles (Yellow Fin Tuna),706 kg,260,52.85,160,,,
2025/5/22,Culisi (Nemipterid),"2,181 Kg",150,52.85,160,,,
2025/5/22,Galunggong (Round Scad),"1,631 kg",190,52.85,160,,,
2025/5/22,Gulyasan or puyan (Skipjack tuna),"1,084 kg",210,52.85,160,,,
2025/5/22,Lapu-lapu (Grouper),16 kg,310,52.85,160,,,
2025/5/22,Malasugi (Blue Marlin),795 kg,320,52.85,160,,,
2025/5/22,Matang Baka (Big-eyed Scads),"2,750 kg",210,52.85,160,,,
2025/5/22,Maya-maya (Snapper),19 kg,210,52.85,160,,,
2025/5/22,Mulmul (Parrot Fish),102 kg,190,52.85,160,,,
2025/5/22,Samaral (Siganid),51 kg,260,52.85,160,,,
2025/5/22,Talakitok (Crevalle),42 kg,260,52.85,160,,,
2025/5/22,Tamban (Indian Sardines),"17,987 kg",100,52.85,160,,,
2025/5/22,Sting Ray,239 kg,100,52.85,160,,,
2025/5/22,Tanguigue (Spanish Mackerel),300 kg,309,52.85,160,,,
2025/5/22,Tulingan (Frigate Tuna),656 kg,260,52.85,160,,,
2025/5/23,Alumahan (Striped Mackerel),"1,404 kg",160,52.85,160,,,
2025/5/23,Bangus (Milk Fish),72 kg,210,52.85,160,,,
2025/5/23,Bariles (Yellow Fin Tuna),706 kg,260,52.85,160,,,
2025/5/23,Culisi (Nemipterid),"2,181 Kg",150,52.85,160,,,
2025/5/23,Galunggong (Round Scad),"1,631 kg",190,52.85,160,,,
2025/5/23,Gulyasan or puyan (Skipjack tuna),"1,084 kg",210,52.85,160,,,
2025/5/23,Lapu-lapu (Grouper),16 kg,310,52.85,160,,,
2025/5/23,Malasugi (Blue Marlin),795 kg,320,52.85,160,,,
2025/5/23,Matang Baka (Big-eyed Scads),"2,750 kg",210,52.85,160,,,
2025/5/23,Maya-maya (Snapper),19 kg,210,52.85,160,,,
2025/5/23,Mulmul (Parrot Fish),102 kg,190,52.85,160,,,
2025/5/23,Samaral (Siganid),51 kg,260,52.85,160,,,
2025/5/23,Talakitok (Crevalle),42 kg,260,52.85,160,,,
2025/5/23,Tamban (Indian Sardines),"17,987 kg",100,52.85,160,,,
2025/5/23,Sting Ray,239 kg,100,52.85,160,,,
2025/5/23,Tanguigue (Spanish Mackerel),300 kg,309,52.85,160,,,
2025/5/23,Tulingan (Frigate Tuna),656 kg,260,52.85,160,,,
2025/5/24,Alumahan (Striped Mackerel),"1,404 kg",160,52.85,160,,,
2025/5/24,Bangus (Milk Fish),72 kg,210,52.85,160,,,
2025/5/24,Bariles (Yellow Fin Tuna),706 kg,260,52.85,160,,,
2025/5/24,Culisi (Nemipterid),"2,181 Kg",150,52.85,160,,,
2025/5/24,Galunggong (Round Scad),"1,631 kg",190,52.85,160,,,
2025/5/24,Gulyasan or puyan (Skipjack tuna),"1,084 kg",210,52.85,160,,,
2025/5/24,Lapu-lapu (Grouper),16 kg,310,52.85,160,,,
2025/5/24,Malasugi (Blue Marlin),795 kg,320,52.85,160,,,
2025/5/24,Matang Baka (Big-eyed Scads),"2,750 kg",210,52.85,160,,,
2025/5/24,Maya-maya (Snapper),19 kg,210,52.85,160,,,
2025/5/24,Mulmul (Parrot Fish),102 kg,190,52.85,160,,,
2025/5/24,Samaral (Siganid),51 kg,260,52.85,160,,,
2025/5/24,Talakitok (Crevalle),42 kg,260,52.85,160,,,
2025/5/24,Tamban (Indian Sardines),"17,987 kg",100,52.85,160,,,
2025/5/24,Sting Ray,239 kg,100,52.85,160,,,
2025/5/24,Tanguigue (Spanish Mackerel),300 kg,309,52.85,160,,,
2025/5/24,Tulingan (Frigate Tuna),656 kg,260,52.85,160,,,
2025/5/25,Alumahan (Striped Mackerel),"1,404 kg",160,52.85,160,,,
2025/5/25,Bangus (Milk Fish),72 kg,210,52.85,160,,,
2025/5/25,Bariles (Yellow Fin Tuna),706 kg,260,52.85,160,,,
2025/5/25,Culisi (Nemipterid),"2,181 Kg",150,52.85,160,,,
2025/5/25,Galunggong (Round Scad),"1,631 kg",190,52.85,160,,,
2025/5/25,Gulyasan or puyan (Skipjack tuna),"1,084 kg",210,52.85,160,,,
2025/5/25,Lapu-lapu (Grouper),16 kg,310,52.85,160,,,
2025/5/25,Malasugi (Blue Marlin),795 kg,320,52.85,160,,,
2025/5/25,Matang Baka (Big-eyed Scads),"2,750 kg",210,52.85,160,,,
2025/5/25,Maya-maya (Snapper),19 kg,210,52.85,160,,,
2025/5/25,Mulmul (Parrot Fish),102 kg,190,52.85,160,,,
2025/5/25,Samaral (Siganid),51 kg,260,52.85,160,,,
2025/5/25,Talakitok (Crevalle),42 kg,260,52.85,160,,,
2025/5/25,Tamban (Indian Sardines),"17,987 kg",100,52.85,160,,,
2025/5/25,Sting Ray,239 kg,100,52.85,160,,,
2025/5/25,Tanguigue (Spanish Mackerel),300 kg,309,52.85,160,,,
2025/5/25,Tulingan (Frigate Tuna),656 kg,260,52.85,160,,,
2025/5/26,Alumahan (Striped Mackerel),"1,404 kg",140,52.85,160,,,
2025/5/26,Bangus (Milk Fish),72 kg,190,52.85,160,,,
2025/5/26,Bariles (Yellow Fin Tuna),706 kg,240,52.85,160,,,
2025/5/26,Culisi (Nemipterid),"2,181 Kg",130,52.85,160,,,
2025/5/26,Galunggong (Round Scad),"1,631 kg",170,52.85,160,,,
2025/5/26,Gulyasan or puyan (Skipjack tuna),"1,084 kg",190,52.85,160,,,
2025/5/26,Lapu-lapu (Grouper),16 kg,290,52.85,160,,,
2025/5/26,Malasugi (Blue Marlin),795 kg,300,52.85,160,,,
2025/5/26,Matang Baka (Big-eyed Scads),"2,750 kg",190,52.85,160,,,
2025/5/26,Maya-maya (Snapper),19 kg,190,52.85,160,,,
2025/5/26,Mulmul (Parrot Fish),102 kg,170,52.85,160,,,
2025/5/26,Samaral (Siganid),51 kg,240,52.85,160,,,
2025/5/26,Talakitok (Crevalle),42 kg,240,52.85,160,,,
2025/5/26,Tamban (Indian Sardines),"17,987 kg",80,52.85,160,,,
2025/5/26,Sting Ray,239 kg,80,52.85,160,,,
2025/5/26,Tanguigue (Spanish Mackerel),300 kg,289,52.85,160,,,
2025/5/26,Tulingan (Frigate Tuna),656 kg,240,52.85,160,,,
2025/5/27,Alumahan (Striped Mackerel),"1,404 kg",140,52.65,160,,,
2025/5/27,Bangus (Milk Fish),72 kg,190,52.65,160,,,
2025/5/27,Bariles (Yellow Fin Tuna),706 kg,240,52.65,160,,,
2025/5/27,Culisi (Nemipterid),"2,181 Kg",130,52.65,160,,,
2025/5/27,Galunggong (Round Scad),"1,631 kg",170,52.65,160,,,
2025/5/27,Gulyasan or puyan (Skipjack tuna),"1,084 kg",190,52.65,160,,,
2025/5/27,Lapu-lapu (Grouper),16 kg,290,52.65,160,,,
2025/5/27,Malasugi (Blue Marlin),795 kg,300,52.65,160,,,
2025/5/27,Matang Baka (Big-eyed Scads),"2,750 kg",190,52.65,160,,,
2025/5/27,Maya-maya (Snapper),19 kg,190,52.65,160,,,
2025/5/27,Mulmul (Parrot Fish),102 kg,170,52.65,160,,,
2025/5/27,Samaral (Siganid),51 kg,240,52.65,160,,,
2025/5/27,Talakitok (Crevalle),42 kg,240,52.65,160,,,
2025/5/27,Tamban (Indian Sardines),"17,987 kg",80,52.65,160,,,
2025/5/27,Sting Ray,239 kg,80,52.65,160,,,
2025/5/27,Tanguigue (Spanish Mackerel),300 kg,289,52.65,160,,,
2025/5/27,Tulingan (Frigate Tuna),656 kg,240,52.65,160,,,
2025/5/28,Alumahan (Striped Mackerel),"1,404 kg",140,52.65,160,,,
2025/5/28,Bangus (Milk Fish),72 kg,190,52.65,160,,,
2025/5/28,Bariles (Yellow Fin Tuna),706 kg,240,52.65,160,,,
2025/5/28,Culisi (Nemipterid),"2,181 Kg",130,52.65,160,,,
2025/5/28,Galunggong (Round Scad),"1,631 kg",170,52.65,160,,,
2025/5/28,Gulyasan or puyan (Skipjack tuna),"1,084 kg",190,52.65,160,,,
2025/5/28,Lapu-lapu (Grouper),16 kg,290,52.65,160,,,
2025/5/28,Malasugi (Blue Marlin),795 kg,300,52.65,160,,,
2025/5/28,Matang Baka (Big-eyed Scads),"2,750 kg",190,52.65,160,,,
2025/5/28,Maya-maya (Snapper),19 kg,190,52.65,160,,,
2025/5/28,Mulmul (Parrot Fish),102 kg,170,52.65,160,,,
2025/5/28,Samaral (Siganid),51 kg,240,52.65,160,,,
2025/5/28,Talakitok (Crevalle),42 kg,240,52.65,160,,,
2025/5/28,Tamban (Indian Sardines),"17,987 kg",80,52.65,160,,,
2025/5/28,Sting Ray,239 kg,80,52.65,160,,,
2025/5/28,Tanguigue (Spanish Mackerel),300 kg,289,52.65,160,,,
2025/5/28,Tulingan (Frigate Tuna),656 kg,240,52.65,160,,,
2025/5/29,Alumahan (Striped Mackerel),"1,404 kg",140,52.65,160,,,
2025/5/29,Bangus (Milk Fish),72 kg,190,52.65,160,,,
2025/5/29,Bariles (Yellow Fin Tuna),706 kg,240,52.65,160,,,
2025/5/29,Culisi (Nemipterid),"2,181 Kg",130,52.65,160,,,
2025/5/29,Galunggong (Round Scad),"1,631 kg",170,52.65,160,,,
2025/5/29,Gulyasan or puyan (Skipjack tuna),"1,084 kg",190,52.65,160,,,
2025/5/29,Lapu-lapu (Grouper),16 kg,290,52.65,160,,,
2025/5/29,Malasugi (Blue Marlin),795 kg,300,52.65,160,,,
2025/5/29,Matang Baka (Big-eyed Scads),"2,750 kg",190,52.65,160,,,
2025/5/29,Maya-maya (Snapper),19 kg,190,52.65,160,,,
2025/5/29,Mulmul (Parrot Fish),102 kg,170,52.65,160,,,
2025/5/29,Samaral (Siganid),51 kg,240,52.65,160,,,
2025/5/29,Talakitok (Crevalle),42 kg,240,52.65,160,,,
2025/5/29,Tamban (Indian Sardines),"17,987 kg",80,52.65,160,,,
2025/5/29,Sting Ray,239 kg,80,52.65,160,,,
2025/5/29,Tanguigue (Spanish Mackerel),300 kg,289,52.65,160,,,
2025/5/29,Tulingan (Frigate Tuna),656 kg,240,52.65,160,,,
2025/5/30,Alumahan (Striped Mackerel),"1,404 kg",140,52.65,160,,,
2025/5/30,Bangus (Milk Fish),72 kg,190,52.65,160,,,
2025/5/30,Bariles (Yellow Fin Tuna),706 kg,240,52.65,160,,,
2025/5/30,Culisi (Nemipterid),"2,181 Kg",130,52.65,160,,,
2025/5/30,Galunggong (Round Scad),"1,631 kg",170,52.65,160,,,
2025/5/30,Gulyasan or puyan (Skipjack tuna),"1,084 kg",190,52.65,160,,,
2025/5/30,Lapu-lapu (Grouper),16 kg,290,52.65,160,,,
2025/5/30,Malasugi (Blue Marlin),795 kg,300,52.65,160,,,
2025/5/30,Matang Baka (Big-eyed Scads),"2,750 kg",190,52.65,160,,,
2025/5/30,Maya-maya (Snapper),19 kg,190,52.65,160,,,
2025/5/30,Mulmul (Parrot Fish),102 kg,170,52.65,160,,,
2025/5/30,Samaral (Siganid),51 kg,240,52.65,160,,,
2025/5/30,Talakitok (Crevalle),42 kg,240,52.65,160,,,
2025/5/30,Tamban (Indian Sardines),"17,987 kg",80,52.65,160,,,
2025/5/30,Sting Ray,239 kg,80,52.65,160,,,
2025/5/30,Tanguigue (Spanish Mackerel),300 kg,289,52.65,160,,,
2025/5/30,Tulingan (Frigate Tuna),656 kg,240,52.65,160,,,
2025/5/31,Alumahan (Striped Mackerel),"1,404 kg",140,52.65,160,,,
2025/5/31,Bangus (Milk Fish),72 kg,190,52.65,160,,,
2025/5/31,Bariles (Yellow Fin Tuna),706 kg,240,52.65,160,,,
2025/5/31,Culisi (Nemipterid),"2,181 Kg",130,52.65,160,,,
2025/5/31,Galunggong (Round Scad),"1,631 kg",170,52.65,160,,,
2025/5/31,Gulyasan or puyan (Skipjack tuna),"1,084 kg",190,52.65,160,,,
2025/5/31,Lapu-lapu (Grouper),16 kg,290,52.65,160,,,
2025/5/31,Malasugi (Blue Marlin),795 kg,300,52.65,160,,,
2025/5/31,Matang Baka (Big-eyed Scads),"2,750 kg",190,52.65,160,,,
2025/5/31,Maya-maya (Snapper),19 kg,190,52.65,160,,,
2025/5/31,Mulmul (Parrot Fish),102 kg,170,52.65,160,,,
2025/5/31,Samaral (Siganid),51 kg,240,52.65,160,,,
2025/5/31,Talakitok (Crevalle),42 kg,240,52.65,160,,,
2025/5/31,Tamban (Indian Sardines),"17,987 kg",80,52.65,160,,,
2025/5/31,Sting Ray,239 kg,80,52.65,160,,,
2025/5/31,Tanguigue (Spanish Mackerel),300 kg,289,52.65,160,,,
2025/5/31,Tulingan (Frigate Tuna),656 kg,240,52.65,160,,,
2025/6/1,Alumahan (Striped Mackerel),"1,404 kg",150,52.65,160,,,
2025/6/1,Bangus (Milk Fish),72 kg,200,52.65,160,,,
2025/6/1,Bariles (Yellow Fin Tuna),706 kg,250,52.65,160,,,
2025/6/1,Culisi (Nemipterid),"2,181 Kg",140,52.65,160,,,
2025/6/1,Galunggong (Round Scad),"1,631 kg",180,52.65,160,,,
2025/6/1,Gulyasan or puyan (Skipjack tuna),"1,084 kg",200,52.65,160,,,
2025/6/1,Lapu-lapu (Grouper),16 kg,300,52.65,160,,,
2025/6/1,Malasugi (Blue Marlin),795 kg,310,52.65,160,,,
2025/6/1,Matang Baka (Big-eyed Scads),"2,750 kg",200,52.65,160,,,
2025/6/1,Maya-maya (Snapper),19 kg,200,52.65,160,,,
2025/6/1,Mulmul (Parrot Fish),102 kg,180,52.65,160,,,
2025/6/1,Samaral (Siganid),51 kg,250,52.65,160,,,
2025/6/1,Talakitok (Crevalle),42 kg,250,52.65,160,,,
2025/6/1,Tamban (Indian Sardines),"17,987 kg",90,52.65,160,,,
2025/6/1,Sting Ray,239 kg,90,52.65,160,,,
2025/6/1,Tanguigue (Spanish Mackerel),300 kg,299,52.65,160,,,
2025/6/1,Tulingan (Frigate Tuna),656 kg,250,52.65,160,,,
2025/6/2,Alumahan (Striped Mackerel),"1,404 kg",150,52.65,160,,,
2025/6/2,Bangus (Milk Fish),72 kg,200,52.65,160,,,
2025/6/2,Bariles (Yellow Fin Tuna),706 kg,250,52.65,160,,,
2025/6/2,Culisi (Nemipterid),"2,181 Kg",140,52.65,160,,,
2025/6/2,Galunggong (Round Scad),"1,631 kg",180,52.65,160,,,
2025/6/2,Gulyasan or puyan (Skipjack tuna),"1,084 kg",200,52.65,160,,,
2025/6/2,Lapu-lapu (Grouper),16 kg,300,52.65,160,,,
2025/6/2,Malasugi (Blue Marlin),795 kg,310,52.65,160,,,
2025/6/2,Matang Baka (Big-eyed Scads),"2,750 kg",200,52.65,160,,,
2025/6/2,Maya-maya (Snapper),19 kg,200,52.65,160,,,
2025/6/2,Mulmul (Parrot Fish),102 kg,180,52.65,160,,,
2025/6/2,Samaral (Siganid),51 kg,250,52.65,160,,,
2025/6/2,Talakitok (Crevalle),42 kg,250,52.65,160,,,
2025/6/2,Tamban (Indian Sardines),"17,987 kg",90,52.65,160,,,
2025/6/2,Sting Ray,239 kg,90,52.65,160,,,
2025/6/2,Tanguigue (Spanish Mackerel),300 kg,299,52.65,160,,,
2025/6/2,Tulingan (Frigate Tuna),656 kg,250,52.65,160,,,
2025/6/3,Alumahan (Striped Mackerel),"1,404 kg",150,52.98,160,,,
2025/6/3,Bangus (Milk Fish),72 kg,200,52.98,160,,,
2025/6/3,Bariles (Yellow Fin Tuna),706 kg,250,52.98,160,,,
2025/6/3,Culisi (Nemipterid),"2,181 Kg",140,52.98,160,,,
2025/6/3,Galunggong (Round Scad),"1,631 kg",180,52.98,160,,,
2025/6/3,Gulyasan or puyan (Skipjack tuna),"1,084 kg",200,52.98,160,,,
2025/6/3,Lapu-lapu (Grouper),16 kg,300,52.98,160,,,
2025/6/3,Malasugi (Blue Marlin),795 kg,310,52.98,160,,,
2025/6/3,Matang Baka (Big-eyed Scads),"2,750 kg",200,52.98,160,,,
2025/6/3,Maya-maya (Snapper),19 kg,200,52.98,160,,,
2025/6/3,Mulmul (Parrot Fish),102 kg,180,52.98,160,,,
2025/6/3,Samaral (Siganid),51 kg,250,52.98,160,,,
2025/6/3,Talakitok (Crevalle),42 kg,250,52.98,160,,,
2025/6/3,Tamban (Indian Sardines),"17,987 kg",90,52.98,160,,,
2025/6/3,Sting Ray,239 kg,90,52.98,160,,,
2025/6/3,Tanguigue (Spanish Mackerel),300 kg,299,52.98,160,,,
2025/6/3,Tulingan (Frigate Tuna),656 kg,250,52.98,160,,,
2025/6/4,Alumahan (Striped Mackerel),"1,404 kg",150,52.98,160,,,
2025/6/4,Bangus (Milk Fish),72 kg,200,52.98,160,,,
2025/6/4,Bariles (Yellow Fin Tuna),706 kg,250,52.98,160,,,
2025/6/4,Culisi (Nemipterid),"2,181 Kg",140,52.98,160,,,
2025/6/4,Galunggong (Round Scad),"1,631 kg",180,52.98,160,,,
2025/6/4,Gulyasan or puyan (Skipjack tuna),"1,084 kg",200,52.98,160,,,
2025/6/4,Lapu-lapu (Grouper),16 kg,300,52.98,160,,,
2025/6/4,Malasugi (Blue Marlin),795 kg,310,52.98,160,,,
2025/6/4,Matang Baka (Big-eyed Scads),"2,750 kg",200,52.98,160,,,
2025/6/4,Maya-maya (Snapper),19 kg,200,52.98,160,,,
2025/6/4,Mulmul (Parrot Fish),102 kg,180,52.98,160,,,
2025/6/4,Samaral (Siganid),51 kg,250,52.98,160,,,
2025/6/4,Talakitok (Crevalle),42 kg,250,52.98,160,,,
2025/6/4,Tamban (Indian Sardines),"17,987 kg",90,52.98,160,,,
2025/6/4,Sting Ray,239 kg,90,52.98,160,,,
2025/6/4,Tanguigue (Spanish Mackerel),300 kg,299,52.98,160,,,
2025/6/4,Tulingan (Frigate Tuna),656 kg,250,52.98,160,,,
2025/6/5,Alumahan (Striped Mackerel),"1,404 kg",150,52.98,160,,,
2025/6/5,Bangus (Milk Fish),72 kg,200,52.98,160,,,
2025/6/5,Bariles (Yellow Fin Tuna),706 kg,250,52.98,160,,,
2025/6/5,Culisi (Nemipterid),"2,181 Kg",140,52.98,160,,,
2025/6/5,Galunggong (Round Scad),"1,631 kg",180,52.98,160,,,
2025/6/5,Gulyasan or puyan (Skipjack tuna),"1,084 kg",200,52.98,160,,,
2025/6/5,Lapu-lapu (Grouper),16 kg,300,52.98,160,,,
2025/6/5,Malasugi (Blue Marlin),795 kg,310,52.98,160,,,
2025/6/5,Matang Baka (Big-eyed Scads),"2,750 kg",200,52.98,160,,,
2025/6/5,Maya-maya (Snapper),19 kg,200,52.98,160,,,
2025/6/5,Mulmul (Parrot Fish),102 kg,180,52.98,160,,,
2025/6/5,Samaral (Siganid),51 kg,250,52.98,160,,,
2025/6/5,Talakitok (Crevalle),42 kg,250,52.98,160,,,
2025/6/5,Tamban (Indian Sardines),"17,987 kg",90,52.98,160,,,
2025/6/5,Sting Ray,239 kg,90,52.98,160,,,
2025/6/5,Tanguigue (Spanish Mackerel),300 kg,299,52.98,160,,,
2025/6/5,Tulingan (Frigate Tuna),656 kg,250,52.98,160,,,
2025/6/6,Alumahan (Striped Mackerel),"1,404 kg",160,52.98,160,,,
2025/6/6,Bangus (Milk Fish),72 kg,210,52.98,160,,,
2025/6/6,Bariles (Yellow Fin Tuna),706 kg,260,52.98,160,,,
2025/6/6,Culisi (Nemipterid),"2,181 Kg",150,52.98,160,,,
2025/6/6,Galunggong (Round Scad),"1,631 kg",190,52.98,160,,,
2025/6/6,Gulyasan or puyan (Skipjack tuna),"1,084 kg",210,52.98,160,,,
2025/6/6,Lapu-lapu (Grouper),16 kg,310,52.98,160,,,
2025/6/6,Malasugi (Blue Marlin),795 kg,320,52.98,160,,,
2025/6/6,Matang Baka (Big-eyed Scads),"2,750 kg",210,52.98,160,,,
2025/6/6,Maya-maya (Snapper),19 kg,210,52.98,160,,,
2025/6/6,Mulmul (Parrot Fish),102 kg,190,52.98,160,,,
2025/6/6,Samaral (Siganid),51 kg,260,52.98,160,,,
2025/6/6,Talakitok (Crevalle),42 kg,260,52.98,160,,,
2025/6/6,Tamban (Indian Sardines),"17,987 kg",100,52.98,160,,,
2025/6/6,Sting Ray,239 kg,100,52.98,160,,,
2025/6/6,Tanguigue (Spanish Mackerel),300 kg,309,52.98,160,,,
2025/6/6,Tulingan (Frigate Tuna),656 kg,260,52.98,160,,,
2025/6/7,Alumahan (Striped Mackerel),"1,404 kg",160,52.98,160,,,
2025/6/7,Bangus (Milk Fish),72 kg,210,52.98,160,,,
2025/6/7,Bariles (Yellow Fin Tuna),706 kg,260,52.98,160,,,
2025/6/7,Culisi (Nemipterid),"2,181 Kg",150,52.98,160,,,
2025/6/7,Galunggong (Round Scad),"1,631 kg",190,52.98,160,,,
2025/6/7,Gulyasan or puyan (Skipjack tuna),"1,084 kg",210,52.98,160,,,
2025/6/7,Lapu-lapu (Grouper),16 kg,310,52.98,160,,,
2025/6/7,Malasugi (Blue Marlin),795 kg,320,52.98,160,,,
2025/6/7,Matang Baka (Big-eyed Scads),"2,750 kg",210,52.98,160,,,
2025/6/7,Maya-maya (Snapper),19 kg,210,52.98,160,,,
2025/6/7,Mulmul (Parrot Fish),102 kg,190,52.98,160,,,
2025/6/7,Samaral (Siganid),51 kg,260,52.98,160,,,
2025/6/7,Talakitok (Crevalle),42 kg,260,52.98,160,,,
2025/6/7,Tamban (Indian Sardines),"17,987 kg",100,52.98,160,,,
2025/6/7,Sting Ray,239 kg,100,52.98,160,,,
2025/6/7,Tanguigue (Spanish Mackerel),300 kg,309,52.98,160,,,
2025/6/7,Tulingan (Frigate Tuna),656 kg,260,52.98,160,,,
2025/6/8,Alumahan (Striped Mackerel),"1,404 kg",160,52.98,160,,,
2025/6/8,Bangus (Milk Fish),72 kg,210,52.98,160,,,
2025/6/8,Bariles (Yellow Fin Tuna),706 kg,260,52.98,160,,,
2025/6/8,Culisi (Nemipterid),"2,181 Kg",150,52.98,160,,,
2025/6/8,Galunggong (Round Scad),"1,631 kg",190,52.98,160,,,
2025/6/8,Gulyasan or puyan (Skipjack tuna),"1,084 kg",210,52.98,160,,,
2025/6/8,Lapu-lapu (Grouper),16 kg,310,52.98,160,,,
2025/6/8,Malasugi (Blue Marlin),795 kg,320,52.98,160,,,
2025/6/8,Matang Baka (Big-eyed Scads),"2,750 kg",210,52.98,160,,,
2025/6/8,Maya-maya (Snapper),19 kg,210,52.98,160,,,
2025/6/8,Mulmul (Parrot Fish),102 kg,190,52.98,160,,,
2025/6/8,Samaral (Siganid),51 kg,260,52.98,160,,,
2025/6/8,Talakitok (Crevalle),42 kg,260,52.98,160,,,
2025/6/8,Tamban (Indian Sardines),"17,987 kg",100,52.98,160,,,
2025/6/8,Sting Ray,239 kg,100,52.98,160,,,
2025/6/8,Tanguigue (Spanish Mackerel),300 kg,309,52.98,160,,,
2025/6/8,Tulingan (Frigate Tuna),656 kg,260,52.98,160,,,
2025/6/9,Alumahan (Striped Mackerel),"1,404 kg",160,52.98,160,,,
2025/6/9,Bangus (Milk Fish),72 kg,210,52.98,160,,,
2025/6/9,Bariles (Yellow Fin Tuna),706 kg,260,52.98,160,,,
2025/6/9,Culisi (Nemipterid),"2,181 Kg",150,52.98,160,,,
2025/6/9,Galunggong (Round Scad),"1,631 kg",190,52.98,160,,,
2025/6/9,Gulyasan or puyan (Skipjack tuna),"1,084 kg",210,52.98,160,,,
2025/6/9,Lapu-lapu (Grouper),16 kg,310,52.98,160,,,
2025/6/9,Malasugi (Blue Marlin),795 kg,320,52.98,160,,,
2025/6/9,Matang Baka (Big-eyed Scads),"2,750 kg",210,52.98,160,,,
2025/6/9,Maya-maya (Snapper),19 kg,210,52.98,160,,,
2025/6/9,Mulmul (Parrot Fish),102 kg,190,52.98,160,,,
2025/6/9,Samaral (Siganid),51 kg,260,52.98,160,,,
2025/6/9,Talakitok (Crevalle),42 kg,260,52.98,160,,,
2025/6/9,Tamban (Indian Sardines),"17,987 kg",100,52.98,160,,,
2025/6/9,Sting Ray,239 kg,100,52.98,160,,,
2025/6/9,Tanguigue (Spanish Mackerel),300 kg,309,52.98,160,,,
2025/6/9,Tulingan (Frigate Tuna),656 kg,260,52.98,160,,,
2025/6/10,Alumahan (Striped Mackerel),"1,404 kg",160,51.95,160,,,
2025/6/10,Bangus (Milk Fish),72 kg,210,51.95,160,,,
2025/6/10,Bariles (Yellow Fin Tuna),706 kg,260,51.95,160,,,
2025/6/10,Culisi (Nemipterid),"2,181 Kg",150,51.95,160,,,
2025/6/10,Galunggong (Round Scad),"1,631 kg",190,51.95,160,,,
2025/6/10,Gulyasan or puyan (Skipjack tuna),"1,084 kg",210,51.95,160,,,
2025/6/10,Lapu-lapu (Grouper),16 kg,310,51.95,160,,,
2025/6/10,Malasugi (Blue Marlin),795 kg,320,51.95,160,,,
2025/6/10,Matang Baka (Big-eyed Scads),"2,750 kg",210,51.95,160,,,
2025/6/10,Maya-maya (Snapper),19 kg,210,51.95,160,,,
2025/6/10,Mulmul (Parrot Fish),102 kg,190,51.95,160,,,
2025/6/10,Samaral (Siganid),51 kg,260,51.95,160,,,
2025/6/10,Talakitok (Crevalle),42 kg,260,51.95,160,,,
2025/6/10,Tamban (Indian Sardines),"17,987 kg",100,51.95,160,,,
2025/6/10,Sting Ray,239 kg,100,51.95,160,,,
2025/6/10,Tanguigue (Spanish Mackerel),300 kg,309,51.95,160,,,
2025/6/10,Tulingan (Frigate Tuna),656 kg,260,51.95,160,,,
2025/6/11,Alumahan (Striped Mackerel),"1,404 kg",140,51.95,160,,,
2025/6/11,Bangus (Milk Fish),72 kg,190,51.95,160,,,
2025/6/11,Bariles (Yellow Fin Tuna),706 kg,240,51.95,160,,,
2025/6/11,Culisi (Nemipterid),"2,181 Kg",130,51.95,160,,,
2025/6/11,Galunggong (Round Scad),"1,631 kg",170,51.95,160,,,
2025/6/11,Gulyasan or puyan (Skipjack tuna),"1,084 kg",190,51.95,160,,,
2025/6/11,Lapu-lapu (Grouper),16 kg,290,51.95,160,,,
2025/6/11,Malasugi (Blue Marlin),795 kg,300,51.95,160,,,
2025/6/11,Matang Baka (Big-eyed Scads),"2,750 kg",190,51.95,160,,,
2025/6/11,Maya-maya (Snapper),19 kg,190,51.95,160,,,
2025/6/11,Mulmul (Parrot Fish),102 kg,170,51.95,160,,,
2025/6/11,Samaral (Siganid),51 kg,240,51.95,160,,,
2025/6/11,Talakitok (Crevalle),42 kg,240,51.95,160,,,
2025/6/11,Tamban (Indian Sardines),"17,987 kg",80,51.95,160,,,
2025/6/11,Sting Ray,239 kg,80,51.95,160,,,
2025/6/11,Tanguigue (Spanish Mackerel),300 kg,289,51.95,160,,,
2025/6/11,Tulingan (Frigate Tuna),656 kg,240,51.95,160,,,
2025/6/12,Alumahan (Striped Mackerel),"1,404 kg",140,51.95,160,,,
2025/6/12,Bangus (Milk Fish),72 kg,190,51.95,160,,,
2025/6/12,Bariles (Yellow Fin Tuna),706 kg,240,51.95,160,,,
2025/6/12,Culisi (Nemipterid),"2,181 Kg",130,51.95,160,,,
2025/6/12,Galunggong (Round Scad),"1,631 kg",170,51.95,160,,,
2025/6/12,Gulyasan or puyan (Skipjack tuna),"1,084 kg",190,51.95,160,,,
2025/6/12,Lapu-lapu (Grouper),16 kg,290,51.95,160,,,
2025/6/12,Malasugi (Blue Marlin),795 kg,300,51.95,160,,,
2025/6/12,Matang Baka (Big-eyed Scads),"2,750 kg",190,51.95,160,,,
2025/6/12,Maya-maya (Snapper),19 kg,190,51.95,160,,,
2025/6/12,Mulmul (Parrot Fish),102 kg,170,51.95,160,,,
2025/6/12,Samaral (Siganid),51 kg,240,51.95,160,,,
2025/6/12,Talakitok (Crevalle),42 kg,240,51.95,160,,,
2025/6/12,Tamban (Indian Sardines),"17,987 kg",80,51.95,160,,,
2025/6/12,Sting Ray,239 kg,80,51.95,160,,,
2025/6/12,Tanguigue (Spanish Mackerel),300 kg,289,51.95,160,,,
2025/6/12,Tulingan (Frigate Tuna),656 kg,240,51.95,160,,,
2025/6/13,Alumahan (Striped Mackerel),"1,404 kg",140,51.95,160,,,
2025/6/13,Bangus (Milk Fish),72 kg,190,51.95,160,,,
2025/6/13,Bariles (Yellow Fin Tuna),706 kg,240,51.95,160,,,
2025/6/13,Culisi (Nemipterid),"2,181 Kg",130,51.95,160,,,
2025/6/13,Galunggong (Round Scad),"1,631 kg",170,51.95,160,,,
2025/6/13,Gulyasan or puyan (Skipjack tuna),"1,084 kg",190,51.95,160,,,
2025/6/13,Lapu-lapu (Grouper),16 kg,290,51.95,160,,,
2025/6/13,Malasugi (Blue Marlin),795 kg,300,51.95,160,,,
2025/6/13,Matang Baka (Big-eyed Scads),"2,750 kg",190,51.95,160,,,
2025/6/13,Maya-maya (Snapper),19 kg,190,51.95,160,,,
2025/6/13,Mulmul (Parrot Fish),102 kg,170,51.95,160,,,
2025/6/13,Samaral (Siganid),51 kg,240,51.95,160,,,
2025/6/13,Talakitok (Crevalle),42 kg,240,51.95,160,,,
2025/6/13,Tamban (Indian Sardines),"17,987 kg",80,51.95,160,,,
2025/6/13,Sting Ray,239 kg,80,51.95,160,,,
2025/6/13,Tanguigue (Spanish Mackerel),300 kg,289,51.95,160,,,
2025/6/13,Tulingan (Frigate Tuna),656 kg,240,51.95,160,,,
2025/6/14,Alumahan (Striped Mackerel),"1,404 kg",140,51.95,160,,,
2025/6/14,Bangus (Milk Fish),72 kg,190,51.95,160,,,
2025/6/14,Bariles (Yellow Fin Tuna),706 kg,240,51.95,160,,,
2025/6/14,Culisi (Nemipterid),"2,181 Kg",130,51.95,160,,,
2025/6/14,Galunggong (Round Scad),"1,631 kg",170,51.95,160,,,
2025/6/14,Gulyasan or puyan (Skipjack tuna),"1,084 kg",190,51.95,160,,,
2025/6/14,Lapu-lapu (Grouper),16 kg,290,51.95,160,,,
2025/6/14,Malasugi (Blue Marlin),795 kg,300,51.95,160,,,
2025/6/14,Matang Baka (Big-eyed Scads),"2,750 kg",190,51.95,160,,,
2025/6/14,Maya-maya (Snapper),19 kg,190,51.95,160,,,
2025/6/14,Mulmul (Parrot Fish),102 kg,170,51.95,160,,,
2025/6/14,Samaral (Siganid),51 kg,240,51.95,160,,,
2025/6/14,Talakitok (Crevalle),42 kg,240,51.95,160,,,
2025/6/14,Tamban (Indian Sardines),"17,987 kg",80,51.95,160,,,
2025/6/14,Sting Ray,239 kg,80,51.95,160,,,
2025/6/14,Tanguigue (Spanish Mackerel),300 kg,289,51.95,160,,,
2025/6/14,Tulingan (Frigate Tuna),656 kg,240,51.95,160,,,
2025/6/15,Alumahan (Striped Mackerel),"1,404 kg",140,51.95,160,,,
2025/6/15,Bangus (Milk Fish),72 kg,190,51.95,160,,,
2025/6/15,Bariles (Yellow Fin Tuna),706 kg,240,51.95,160,,,
2025/6/15,Culisi (Nemipterid),"2,181 Kg",130,51.95,160,,,
2025/6/15,Galunggong (Round Scad),"1,631 kg",170,51.95,160,,,
2025/6/15,Gulyasan or puyan (Skipjack tuna),"1,084 kg",190,51.95,160,,,
2025/6/15,Lapu-lapu (Grouper),16 kg,290,51.95,160,,,
2025/6/15,Malasugi (Blue Marlin),795 kg,300,51.95,160,,,
2025/6/15,Matang Baka (Big-eyed Scads),"2,750 kg",190,51.95,160,,,
2025/6/15,Maya-maya (Snapper),19 kg,190,51.95,160,,,
2025/6/15,Mulmul (Parrot Fish),102 kg,170,51.95,160,,,
2025/6/15,Samaral (Siganid),51 kg,240,51.95,160,,,
2025/6/15,Talakitok (Crevalle),42 kg,240,51.95,160,,,
2025/6/15,Tamban (Indian Sardines),"17,987 kg",80,51.95,160,,,
2025/6/15,Sting Ray,239 kg,80,51.95,160,,,
2025/6/15,Tanguigue (Spanish Mackerel),300 kg,289,51.95,160,,,
2025/6/15,Tulingan (Frigate Tuna),656 kg,240,51.95,160,,,
2025/6/16,Alumahan (Striped Mackerel),"1,404 kg",150,51.95,160,,,
2025/6/16,Bangus (Milk Fish),72 kg,200,51.95,160,,,
2025/6/16,Bariles (Yellow Fin Tuna),706 kg,250,51.95,160,,,
2025/6/16,Culisi (Nemipterid),"2,181 Kg",140,51.95,160,,,
2025/6/16,Galunggong (Round Scad),"1,631 kg",180,51.95,160,,,
2025/6/16,Gulyasan or puyan (Skipjack tuna),"1,084 kg",200,51.95,160,,,
2025/6/16,Lapu-lapu (Grouper),16 kg,300,51.95,160,,,
2025/6/16,Malasugi (Blue Marlin),795 kg,310,51.95,160,,,
2025/6/16,Matang Baka (Big-eyed Scads),"2,750 kg",200,51.95,160,,,
2025/6/16,Maya-maya (Snapper),19 kg,200,51.95,160,,,
2025/6/16,Mulmul (Parrot Fish),102 kg,180,51.95,160,,,
2025/6/16,Samaral (Siganid),51 kg,250,51.95,160,,,
2025/6/16,Talakitok (Crevalle),42 kg,250,51.95,160,,,
2025/6/16,Tamban (Indian Sardines),"17,987 kg",90,51.95,160,,,
2025/6/16,Sting Ray,239 kg,90,51.95,160,,,
2025/6/16,Tanguigue (Spanish Mackerel),300 kg,299,51.95,160,,,
2025/6/16,Tulingan (Frigate Tuna),656 kg,250,51.95,160,,,
2025/6/17,Alumahan (Striped Mackerel),"1,404 kg",150,53.75,160,,,
2025/6/17,Bangus (Milk Fish),72 kg,200,53.75,160,,,
2025/6/17,Bariles (Yellow Fin Tuna),706 kg,250,53.75,160,,,
2025/6/17,Culisi (Nemipterid),"2,181 Kg",140,53.75,160,,,
2025/6/17,Galunggong (Round Scad),"1,631 kg",180,53.75,160,,,
2025/6/17,Gulyasan or puyan (Skipjack tuna),"1,084 kg",200,53.75,160,,,
2025/6/17,Lapu-lapu (Grouper),16 kg,300,53.75,160,,,
2025/6/17,Malasugi (Blue Marlin),795 kg,310,53.75,160,,,
2025/6/17,Matang Baka (Big-eyed Scads),"2,750 kg",200,53.75,160,,,
2025/6/17,Maya-maya (Snapper),19 kg,200,53.75,160,,,
2025/6/17,Mulmul (Parrot Fish),102 kg,180,53.75,160,,,
2025/6/17,Samaral (Siganid),51 kg,250,53.75,160,,,
2025/6/17,Talakitok (Crevalle),42 kg,250,53.75,160,,,
2025/6/17,Tamban (Indian Sardines),"17,987 kg",90,53.75,160,,,
2025/6/17,Sting Ray,239 kg,90,53.75,160,,,
2025/6/17,Tanguigue (Spanish Mackerel),300 kg,299,53.75,160,,,
2025/6/17,Tulingan (Frigate Tuna),656 kg,250,53.75,160,,,
2025/6/18,Alumahan (Striped Mackerel),"1,404 kg",150,53.75,160,,,
2025/6/18,Bangus (Milk Fish),72 kg,200,53.75,160,,,
2025/6/18,Bariles (Yellow Fin Tuna),706 kg,250,53.75,160,,,
2025/6/18,Culisi (Nemipterid),"2,181 Kg",140,53.75,160,,,
2025/6/18,Galunggong (Round Scad),"1,631 kg",180,53.75,160,,,
2025/6/18,Gulyasan or puyan (Skipjack tuna),"1,084 kg",200,53.75,160,,,
2025/6/18,Lapu-lapu (Grouper),16 kg,300,53.75,160,,,
2025/6/18,Malasugi (Blue Marlin),795 kg,310,53.75,160,,,
2025/6/18,Matang Baka (Big-eyed Scads),"2,750 kg",200,53.75,160,,,
2025/6/18,Maya-maya (Snapper),19 kg,200,53.75,160,,,
2025/6/18,Mulmul (Parrot Fish),102 kg,180,53.75,160,,,
2025/6/18,Samaral (Siganid),51 kg,250,53.75,160,,,
2025/6/18,Talakitok (Crevalle),42 kg,250,53.75,160,,,
2025/6/18,Tamban (Indian Sardines),"17,987 kg",90,53.75,160,,,
2025/6/18,Sting Ray,239 kg,90,53.75,160,,,
2025/6/18,Tanguigue (Spanish Mackerel),300 kg,299,53.75,160,,,
2025/6/18,Tulingan (Frigate Tuna),656 kg,250,53.75,160,,,
2025/6/19,Alumahan (Striped Mackerel),"1,404 kg",150,53.75,160,,,
2025/6/19,Bangus (Milk Fish),72 kg,200,53.75,160,,,
2025/6/19,Bariles (Yellow Fin Tuna),706 kg,250,53.75,160,,,
2025/6/19,Culisi (Nemipterid),"2,181 Kg",140,53.75,160,,,
2025/6/19,Galunggong (Round Scad),"1,631 kg",180,53.75,160,,,
2025/6/19,Gulyasan or puyan (Skipjack tuna),"1,084 kg",200,53.75,160,,,
2025/6/19,Lapu-lapu (Grouper),16 kg,300,53.75,160,,,
2025/6/19,Malasugi (Blue Marlin),795 kg,310,53.75,160,,,
2025/6/19,Matang Baka (Big-eyed Scads),"2,750 kg",200,53.75,160,,,
2025/6/19,Maya-maya (Snapper),19 kg,200,53.75,160,,,
2025/6/19,Mulmul (Parrot Fish),102 kg,180,53.75,160,,,
2025/6/19,Samaral (Siganid),51 kg,250,53.75,160,,,
2025/6/19,Talakitok (Crevalle),42 kg,250,53.75,160,,,
2025/6/19,Tamban (Indian Sardines),"17,987 kg",90,53.75,160,,,
2025/6/19,Sting Ray,239 kg,90,53.75,160,,,
2025/6/19,Tanguigue (Spanish Mackerel),300 kg,299,53.75,160,,,
2025/6/19,Tulingan (Frigate Tuna),656 kg,250,53.75,160,,,
2025/6/20,Alumahan (Striped Mackerel),"1,404 kg",150,53.75,160,,,
2025/6/20,Bangus (Milk Fish),72 kg,200,53.75,160,,,
2025/6/20,Bariles (Yellow Fin Tuna),706 kg,250,53.75,160,,,
2025/6/20,Culisi (Nemipterid),"2,181 Kg",140,53.75,160,,,
2025/6/20,Galunggong (Round Scad),"1,631 kg",180,53.75,160,,,
2025/6/20,Gulyasan or puyan (Skipjack tuna),"1,084 kg",200,53.75,160,,,
2025/6/20,Lapu-lapu (Grouper),16 kg,300,53.75,160,,,
2025/6/20,Malasugi (Blue Marlin),795 kg,310,53.75,160,,,
2025/6/20,Matang Baka (Big-eyed Scads),"2,750 kg",200,53.75,160,,,
2025/6/20,Maya-maya (Snapper),19 kg,200,53.75,160,,,
2025/6/20,Mulmul (Parrot Fish),102 kg,180,53.75,160,,,
2025/6/20,Samaral (Siganid),51 kg,250,53.75,160,,,
2025/6/20,Talakitok (Crevalle),42 kg,250,53.75,160,,,
2025/6/20,Tamban (Indian Sardines),"17,987 kg",90,53.75,160,,,
2025/6/20,Sting Ray,239 kg,90,53.75,160,,,
2025/6/20,Tanguigue (Spanish Mackerel),300 kg,299,53.75,160,,,
2025/6/20,Tulingan (Frigate Tuna),656 kg,250,53.75,160,,,
2025/6/21,Alumahan (Striped Mackerel),"1,404 kg",160,53.75,160,,,
2025/6/21,Bangus (Milk Fish),72 kg,210,53.75,160,,,
2025/6/21,Bariles (Yellow Fin Tuna),706 kg,260,53.75,160,,,
2025/6/21,Culisi (Nemipterid),"2,181 Kg",150,53.75,160,,,
2025/6/21,Galunggong (Round Scad),"1,631 kg",190,53.75,160,,,
2025/6/21,Gulyasan or puyan (Skipjack tuna),"1,084 kg",210,53.75,160,,,
2025/6/21,Lapu-lapu (Grouper),16 kg,310,53.75,160,,,
2025/6/21,Malasugi (Blue Marlin),795 kg,320,53.75,160,,,
2025/6/21,Matang Baka (Big-eyed Scads),"2,750 kg",210,53.75,160,,,
2025/6/21,Maya-maya (Snapper),19 kg,210,53.75,160,,,
2025/6/21,Mulmul (Parrot Fish),102 kg,190,53.75,160,,,
2025/6/21,Samaral (Siganid),51 kg,260,53.75,160,,,
2025/6/21,Talakitok (Crevalle),42 kg,260,53.75,160,,,
2025/6/21,Tamban (Indian Sardines),"17,987 kg",100,53.75,160,,,
2025/6/21,Sting Ray,239 kg,100,53.75,160,,,
2025/6/21,Tanguigue (Spanish Mackerel),300 kg,309,53.75,160,,,
2025/6/21,Tulingan (Frigate Tuna),656 kg,260,53.75,160,,,
2025/6/22,Alumahan (Striped Mackerel),"1,404 kg",160,53.75,160,,,
2025/6/22,Bangus (Milk Fish),72 kg,210,53.75,160,,,
2025/6/22,Bariles (Yellow Fin Tuna),706 kg,260,53.75,160,,,
2025/6/22,Culisi (Nemipterid),"2,181 Kg",150,53.75,160,,,
2025/6/22,Galunggong (Round Scad),"1,631 kg",190,53.75,160,,,
2025/6/22,Gulyasan or puyan (Skipjack tuna),"1,084 kg",210,53.75,160,,,
2025/6/22,Lapu-lapu (Grouper),16 kg,310,53.75,160,,,
2025/6/22,Malasugi (Blue Marlin),795 kg,320,53.75,160,,,
2025/6/22,Matang Baka (Big-eyed Scads),"2,750 kg",210,53.75,160,,,
2025/6/22,Maya-maya (Snapper),19 kg,210,53.75,160,,,
2025/6/22,Mulmul (Parrot Fish),102 kg,190,53.75,160,,,
2025/6/22,Samaral (Siganid),51 kg,260,53.75,160,,,
2025/6/22,Talakitok (Crevalle),42 kg,260,53.75,160,,,
2025/6/22,Tamban (Indian Sardines),"17,987 kg",100,53.75,160,,,
2025/6/22,Sting Ray,239 kg,100,53.75,160,,,
2025/6/22,Tanguigue (Spanish Mackerel),300 kg,309,53.75,160,,,
2025/6/22,Tulingan (Frigate Tuna),656 kg,260,53.75,160,,,
2025/6/23,Alumahan (Striped Mackerel),"1,404 kg",160,53.75,160,,,
2025/6/23,Bangus (Milk Fish),72 kg,210,53.75,160,,,
2025/6/23,Bariles (Yellow Fin Tuna),706 kg,260,53.75,160,,,
2025/6/23,Culisi (Nemipterid),"2,181 Kg",150,53.75,160,,,
2025/6/23,Galunggong (Round Scad),"1,631 kg",190,53.75,160,,,
2025/6/23,Gulyasan or puyan (Skipjack tuna),"1,084 kg",210,53.75,160,,,
2025/6/23,Lapu-lapu (Grouper),16 kg,310,53.75,160,,,
2025/6/23,Malasugi (Blue Marlin),795 kg,320,53.75,160,,,
2025/6/23,Matang Baka (Big-eyed Scads),"2,750 kg",210,53.75,160,,,
2025/6/23,Maya-maya (Snapper),19 kg,210,53.75,160,,,
2025/6/23,Mulmul (Parrot Fish),102 kg,190,53.75,160,,,
2025/6/23,Samaral (Siganid),51 kg,260,53.75,160,,,
2025/6/23,Talakitok (Crevalle),42 kg,260,53.75,160,,,
2025/6/23,Tamban (Indian Sardines),"17,987 kg",100,53.75,160,,,
2025/6/23,Sting Ray,239 kg,100,53.75,160,,,
2025/6/23,Tanguigue (Spanish Mackerel),300 kg,309,53.75,160,,,
2025/6/23,Tulingan (Frigate Tuna),656 kg,260,53.75,160,,,
2025/6/24,Alumahan (Striped Mackerel),"1,404 kg",160,53.75,160,,,
2025/6/24,Bangus (Milk Fish),72 kg,210,53.75,160,,,
2025/6/24,Bariles (Yellow Fin Tuna),706 kg,260,53.75,160,,,
2025/6/24,Culisi (Nemipterid),"2,181 Kg",150,53.75,160,,,
2025/6/24,Galunggong (Round Scad),"1,631 kg",190,53.75,160,,,
2025/6/24,Gulyasan or puyan (Skipjack tuna),"1,084 kg",210,53.75,160,,,
2025/6/24,Lapu-lapu (Grouper),16 kg,310,53.75,160,,,
2025/6/24,Malasugi (Blue Marlin),795 kg,320,53.75,160,,,
2025/6/24,Matang Baka (Big-eyed Scads),"2,750 kg",210,53.75,160,,,
2025/6/24,Maya-maya (Snapper),19 kg,210,53.75,160,,,
2025/6/24,Mulmul (Parrot Fish),102 kg,190,53.75,160,,,
2025/6/24,Samaral (Siganid),51 kg,260,53.75,160,,,
2025/6/24,Talakitok (Crevalle),42 kg,260,53.75,160,,,
2025/6/24,Tamban (Indian Sardines),"17,987 kg",100,53.75,160,,,
2025/6/24,Sting Ray,239 kg,100,53.75,160,,,
2025/6/24,Tanguigue (Spanish Mackerel),300 kg,309,53.75,160,,,
2025/6/24,Tulingan (Frigate Tuna),656 kg,260,53.75,160,,,
2025/6/25,Alumahan (Striped Mackerel),"1,404 kg",160,53.75,160,,,
2025/6/25,Bangus (Milk Fish),72 kg,210,53.75,160,,,
2025/6/25,Bariles (Yellow Fin Tuna),706 kg,260,53.75,160,,,
2025/6/25,Culisi (Nemipterid),"2,181 Kg",150,53.75,160,,,
2025/6/25,Galunggong (Round Scad),"1,631 kg",190,53.75,160,,,
2025/6/25,Gulyasan or puyan (Skipjack tuna),"1,084 kg",210,53.75,160,,,
2025/6/25,Lapu-lapu (Grouper),16 kg,310,53.75,160,,,
2025/6/25,Malasugi (Blue Marlin),795 kg,320,53.75,160,,,
2025/6/25,Matang Baka (Big-eyed Scads),"2,750 kg",210,53.75,160,,,
2025/6/25,Maya-maya (Snapper),19 kg,210,53.75,160,,,
2025/6/25,Mulmul (Parrot Fish),102 kg,190,53.75,160,,,
2025/6/25,Samaral (Siganid),51 kg,260,53.75,160,,,
2025/6/25,Talakitok (Crevalle),42 kg,260,53.75,160,,,
2025/6/25,Tamban (Indian Sardines),"17,987 kg",100,53.75,160,,,
2025/6/25,Sting Ray,239 kg,100,53.75,160,,,
2025/6/25,Tanguigue (Spanish Mackerel),300 kg,309,53.75,160,,,
2025/6/25,Tulingan (Frigate Tuna),656 kg,260,53.75,160,,,
2025/6/26,Alumahan (Striped Mackerel),"1,404 kg",140,58.95,160,,,
2025/6/26,Bangus (Milk Fish),72 kg,190,58.95,160,,,
2025/6/26,Bariles (Yellow Fin Tuna),706 kg,240,58.95,160,,,
2025/6/26,Culisi (Nemipterid),"2,181 Kg",130,58.95,160,,,
2025/6/26,Galunggong (Round Scad),"1,631 kg",170,58.95,160,,,
2025/6/26,Gulyasan or puyan (Skipjack tuna),"1,084 kg",190,58.95,160,,,
2025/6/26,Lapu-lapu (Grouper),16 kg,290,58.95,160,,,
2025/6/26,Malasugi (Blue Marlin),795 kg,300,58.95,160,,,
2025/6/26,Matang Baka (Big-eyed Scads),"2,750 kg",190,58.95,160,,,
2025/6/26,Maya-maya (Snapper),19 kg,190,58.95,160,,,
2025/6/26,Mulmul (Parrot Fish),102 kg,170,58.95,160,,,
2025/6/26,Samaral (Siganid),51 kg,240,58.95,160,,,
2025/6/26,Talakitok (Crevalle),42 kg,240,58.95,160,,,
2025/6/26,Tamban (Indian Sardines),"17,987 kg",80,58.95,160,,,
2025/6/26,Sting Ray,239 kg,80,58.95,160,,,
2025/6/26,Tanguigue (Spanish Mackerel),300 kg,289,58.95,160,,,
2025/6/26,Tulingan (Frigate Tuna),656 kg,240,58.95,160,,,
2025/6/27,Alumahan (Striped Mackerel),"1,404 kg",140,58.95,160,,,
2025/6/27,Bangus (Milk Fish),72 kg,190,58.95,160,,,
2025/6/27,Bariles (Yellow Fin Tuna),706 kg,240,58.95,160,,,
2025/6/27,Culisi (Nemipterid),"2,181 Kg",130,58.95,160,,,
2025/6/27,Galunggong (Round Scad),"1,631 kg",170,58.95,160,,,
2025/6/27,Gulyasan or puyan (Skipjack tuna),"1,084 kg",190,58.95,160,,,
2025/6/27,Lapu-lapu (Grouper),16 kg,290,58.95,160,,,
2025/6/27,Malasugi (Blue Marlin),795 kg,300,58.95,160,,,
2025/6/27,Matang Baka (Big-eyed Scads),"2,750 kg",190,58.95,160,,,
2025/6/27,Maya-maya (Snapper),19 kg,190,58.95,160,,,
2025/6/27,Mulmul (Parrot Fish),102 kg,170,58.95,160,,,
2025/6/27,Samaral (Siganid),51 kg,240,58.95,160,,,
2025/6/27,Talakitok (Crevalle),42 kg,240,58.95,160,,,
2025/6/27,Tamban (Indian Sardines),"17,987 kg",80,58.95,160,,,
2025/6/27,Sting Ray,239 kg,80,58.95,160,,,
2025/6/27,Tanguigue (Spanish Mackerel),300 kg,289,58.95,160,,,
2025/6/27,Tulingan (Frigate Tuna),656 kg,240,58.95,160,,,
2025/6/28,Alumahan (Striped Mackerel),"1,404 kg",140,58.95,160,,,
2025/6/28,Bangus (Milk Fish),72 kg,190,58.95,160,,,
2025/6/28,Bariles (Yellow Fin Tuna),706 kg,240,58.95,160,,,
2025/6/28,Culisi (Nemipterid),"2,181 Kg",130,58.95,160,,,
2025/6/28,Galunggong (Round Scad),"1,631 kg",170,58.95,160,,,
2025/6/28,Gulyasan or puyan (Skipjack tuna),"1,084 kg",190,58.95,160,,,
2025/6/28,Lapu-lapu (Grouper),16 kg,290,58.95,160,,,
2025/6/28,Malasugi (Blue Marlin),795 kg,300,58.95,160,,,
2025/6/28,Matang Baka (Big-eyed Scads),"2,750 kg",190,58.95,160,,,
2025/6/28,Maya-maya (Snapper),19 kg,190,58.95,160,,,
2025/6/28,Mulmul (Parrot Fish),102 kg,170,58.95,160,,,
2025/6/28,Samaral (Siganid),51 kg,240,58.95,160,,,
2025/6/28,Talakitok (Crevalle),42 kg,240,58.95,160,,,
2025/6/28,Tamban (Indian Sardines),"17,987 kg",80,58.95,160,,,
2025/6/28,Sting Ray,239 kg,80,58.95,160,,,
2025/6/28,Tanguigue (Spanish Mackerel),300 kg,289,58.95,160,,,
2025/6/28,Tulingan (Frigate Tuna),656 kg,240,58.95,160,,,
2025/6/29,Alumahan (Striped Mackerel),"1,404 kg",140,58.95,160,,,
2025/6/29,Bangus (Milk Fish),72 kg,190,58.95,160,,,
2025/6/29,Bariles (Yellow Fin Tuna),706 kg,240,58.95,160,,,
2025/6/29,Culisi (Nemipterid),"2,181 Kg",130,58.95,160,,,
2025/6/29,Galunggong (Round Scad),"1,631 kg",170,58.95,160,,,
2025/6/29,Gulyasan or puyan (Skipjack tuna),"1,084 kg",190,58.95,160,,,
2025/6/29,Lapu-lapu (Grouper),16 kg,290,58.95,160,,,
2025/6/29,Malasugi (Blue Marlin),795 kg,300,58.95,160,,,
2025/6/29,Matang Baka (Big-eyed Scads),"2,750 kg",190,58.95,160,,,
2025/6/29,Maya-maya (Snapper),19 kg,190,58.95,160,,,
2025/6/29,Mulmul (Parrot Fish),102 kg,170,58.95,160,,,
2025/6/29,Samaral (Siganid),51 kg,240,58.95,160,,,
2025/6/29,Talakitok (Crevalle),42 kg,240,58.95,160,,,
2025/6/29,Tamban (Indian Sardines),"17,987 kg",80,58.95,160,,,
2025/6/29,Sting Ray,239 kg,80,58.95,160,,,
2025/6/29,Tanguigue (Spanish Mackerel),300 kg,289,58.95,160,,,
2025/6/29,Tulingan (Frigate Tuna),656 kg,240,58.95,160,,,
2025/6/30,Alumahan (Striped Mackerel),"1,404 kg",140,58.95,160,,,
2025/6/30,Bangus (Milk Fish),72 kg,190,58.95,160,,,
2025/6/30,Bariles (Yellow Fin Tuna),706 kg,240,58.95,160,,,
2025/6/30,Culisi (Nemipterid),"2,181 Kg",130,58.95,160,,,
2025/6/30,Galunggong (Round Scad),"1,631 kg",170,58.95,160,,,
2025/6/30,Gulyasan or puyan (Skipjack tuna),"1,084 kg",190,58.95,160,,,
2025/6/30,Lapu-lapu (Grouper),16 kg,290,58.95,160,,,
2025/6/30,Malasugi (Blue Marlin),795 kg,300,58.95,160,,,
2025/6/30,Matang Baka (Big-eyed Scads),"2,750 kg",190,58.95,160,,,
2025/6/30,Maya-maya (Snapper),19 kg,190,58.95,160,,,
2025/6/30,Mulmul (Parrot Fish),102 kg,170,58.95,160,,,
2025/6/30,Samaral (Siganid),51 kg,240,58.95,160,,,
2025/6/30,Talakitok (Crevalle),42 kg,240,58.95,160,,,
2025/6/30,Tamban (Indian Sardines),"17,987 kg",80,58.95,160,,,
2025/6/30,Sting Ray,239 kg,80,58.95,160,,,
2025/6/30,Tanguigue (Spanish Mackerel),300 kg,289,58.95,160,,,
2025/6/30,Tulingan (Frigate Tuna),656 kg,240,58.95,160,,,